advisory_id,package_id,ecosystem,type,severity,disclose_date,publish_date,earliest_fix_commit_date,latest_fix_commit_date,release_date,version,fixing_release,total_release,fix_commit_date,fix_to_release_delay,disclose_to_fix_delay,release_to_publish_delay,fix_to_publish_delay
SNYK-PHP-SYMFONYSYMFONY-174496,1391,Composer,Arbitrary Code Execution,M,2019-04-17,2019-04-24,2019-04-16 11:13:42,2019-04-16 11:13:42,2016-05-30 07:24:54,3.1.0,package1391version3.1.0,SNYK-PHP-SYMFONYSYMFONY-17449613913.1.0,2019-04-16 11:13:42,-1051.0,-1,1059,8
SNYK-GOLANG-K8SIOKUBERNETESPKGKUBELETSERVER-561503,1200,Go,Denial of Service (DoS),M,2020-03-24,2020-03-31,2020-02-07 23:12:24,2020-02-07 23:12:24,2020-01-18 23:22:33,1.16.6,package1200version1.16.6,SNYK-GOLANG-K8SIOKUBERNETESPKGKUBELETSERVER-56150312001.16.6,2020-02-07 23:12:24,-20.0,-46,73,53
SNYK-PHP-SYMFONYSYMFONY-174496,1391,Composer,Arbitrary Code Execution,M,2019-04-17,2019-04-24,2019-04-16 11:13:42,2019-04-16 11:13:42,2016-11-30 08:46:24,3.2.0,package1391version3.2.0,SNYK-PHP-SYMFONYSYMFONY-17449613913.2.0,2019-04-16 11:13:42,-867.0,-1,875,8
SNYK-JAVA-ORGAPACHESTRUTS-30055,219,Maven,Arbitrary Code Execution,H,2014-04-25,2014-04-25,2014-04-28 06:50:53,2014-04-28 06:50:53,2014-04-24 19:44:00,2.3.16.2,package219version2.3.16.2,SNYK-JAVA-ORGAPACHESTRUTS-300552192.3.16.2,2014-04-28 06:50:53,-3.0,3,1,-3
SNYK-GOLANG-GITHUBCOMKUBERNETESKUBERNETESPKGVOLUMEGLUSTERFS-575594,714,Go,Server Side Request Forgery (SSRF),M,2020-06-05,2020-07-10,2020-04-02 22:25:36,2020-04-02 22:25:36,2020-03-12 20:54:31,1.17.4,package714version1.17.4,SNYK-GOLANG-GITHUBCOMKUBERNETESKUBERNETESPKGVOLUMEGLUSTERFS-5755947141.17.4,2020-04-02 22:25:36,-21.0,-64,120,99
SNYK-PHP-MOODLEMOODLE-1048843,125,Composer,Cross-site Scripting (XSS),H,2020-12-08,2020-12-08,2020-09-08 06:54:26,2020-09-08 06:54:26,2020-07-12 10:12:53,3.8.4,package125version3.8.4,SNYK-PHP-MOODLEMOODLE-10488431253.8.4,2020-09-08 06:54:26,-58.0,-91,149,91
SNYK-PHP-ROBRICHARDSXMLSECLIBS-480443,1414,Composer,Cryptographic Issues,H,2019-11-07,2019-11-07,2019-11-05 11:44:22,2019-11-05 11:44:22,2015-07-31 15:08:38,2.0.0,package1414version2.0.0,SNYK-PHP-ROBRICHARDSXMLSECLIBS-48044314142.0.0,2019-11-05 11:44:22,-1558.0,-2,1560,2
SNYK-JAVA-ORGKEYCLOAK-1038403,303,Maven,Directory Traversal,M,2020-11-10,2020-11-10,2020-11-06 08:14:36,2020-11-06 08:14:36,2020-11-05 18:41:00,11.0.3,package303version11.0.3,SNYK-JAVA-ORGKEYCLOAK-103840330311.0.3,2020-11-06 08:14:36,-1.0,-4,5,4
SNYK-JAVA-ORGAPACHEKYLIN-570207,735,Maven,Command Injection,H,2020-05-22,2020-05-22,2020-05-06 11:16:11,2020-05-06 11:16:11,2018-11-30 12:40:00,2.5.2,package735version2.5.2,SNYK-JAVA-ORGAPACHEKYLIN-5702077352.5.2,2020-05-06 11:16:11,-523.0,-16,539,16
SNYK-JAVA-ORGAPACHEKARAFMANAGEMENT-572298,793,Maven,Access Restriction Bypass,L,2020-06-14,2020-06-14,2020-06-03 16:37:44,2020-06-03 16:37:44,2020-01-19 22:16:00,4.2.8,package793version4.2.8,SNYK-JAVA-ORGAPACHEKARAFMANAGEMENT-5722987934.2.8,2020-06-03 16:37:44,-136.0,-11,147,11
SNYK-JAVA-ORGKEYCLOAK-72619,303,Maven,Open Redirect,M,2018-11-13,2018-11-19,2018-11-14 19:09:22,2018-11-14 19:09:22,2018-09-26 20:46:00,4.5.0.Final,package303version4.5.0.Final,SNYK-JAVA-ORGKEYCLOAK-726193034.5.0.Final,2018-11-14 19:09:22,-49.0,1,54,5
SNYK-JAVA-ORGAPACHEJACKRABBIT-30653,3105,Maven,Improper Input Validation,M,2015-05-21,2015-05-21,2015-05-21 08:07:02,2015-05-21 12:04:42,2011-09-27 14:56:00,2.0.5,package3105version2.0.5,SNYK-JAVA-ORGAPACHEJACKRABBIT-3065331052.0.5,2015-05-21 08:07:02,-1332.0,0,1332,0
SNYK-JAVA-ORGSPRINGFRAMEWORK-30158,2917,Maven,XML External Entity (XXE) Injection,M,2014-01-23,2016-12-25,2013-07-19 13:03:45,2013-08-06 22:08:53,2013-05-20 19:26:00,3.2.3.RELEASE,package2917version3.2.3.RELEASE,SNYK-JAVA-ORGSPRINGFRAMEWORK-3015829173.2.3.RELEASE,2013-07-19 13:03:45,-60.0,-188,1315,1255
SNYK-PHP-SYMFONYSYMFONY-174497,1391,Composer,Improper Input Validation,M,2019-04-24,2019-04-24,2019-04-16 06:40:48,2019-04-16 06:40:48,2016-05-30 07:24:54,3.1.0,package1391version3.1.0,SNYK-PHP-SYMFONYSYMFONY-17449713913.1.0,2019-04-16 06:40:48,-1051.0,-8,1059,8
SNYK-PHP-CENTREONCENTREON-570051,829,Composer,Arbitrary Command Execution,H,2020-05-21,2020-05-21,2020-03-25 11:16:32,2020-03-25 11:16:32,2019-11-19 15:15:00,19.4.15,package829version19.4.15,SNYK-PHP-CENTREONCENTREON-57005182919.4.15,2020-03-25 11:16:32,-127.0,-57,184,57
SNYK-JAVA-ORGAPACHEACTIVEMQ-467288,3147,Maven,Arbitrary Code Execution,H,2015-12-09,2015-12-09,2015-10-16 13:44:23,2015-12-03 18:22:30,2015-01-15 16:02:00,5.10.1,package3147version5.10.1,SNYK-JAVA-ORGAPACHEACTIVEMQ-46728831475.10.1,2015-10-16 13:44:23,-274.0,-54,328,54
SNYK-PYTHON-ANSIBLE-560365,83,pip,Information Exposure,M,2020-03-16,2020-03-16,2020-07-30 04:05:29,2020-07-30 04:05:29,2020-04-17 00:26:26,2.7.17,package83version2.7.17,SNYK-PYTHON-ANSIBLE-560365832.7.17,2020-07-30 04:05:29,-104.0,136,-32,-136
SNYK-GOLANG-GITHUBCOMHASHICORPNOMADCOMMANDAGENT-564510,1221,Go,Uncontrolled Resource Consumption,H,2020-01-29,2020-04-07,2020-01-30 18:38:25,2020-01-30 18:38:42,2020-01-29 17:24:48,0.10.3,package1221version0.10.3,SNYK-GOLANG-GITHUBCOMHASHICORPNOMADCOMMANDAGENT-56451012210.10.3,2020-01-30 18:38:25,-1.0,1,69,68
SNYK-GOLANG-K8SIOKUBERNETESPKGKUBELETSERVER-561503,1200,Go,Denial of Service (DoS),M,2020-03-24,2020-03-31,2020-02-07 23:12:24,2020-02-07 23:12:24,2020-01-18 23:21:43,1.17.2,package1200version1.17.2,SNYK-GOLANG-K8SIOKUBERNETESPKGKUBELETSERVER-56150312001.17.2,2020-02-07 23:12:24,-20.0,-46,73,53
SNYK-PHP-SYMFONYSYMFONY-174498,1391,Composer,Cross-site Scripting (XSS),M,2019-04-18,2019-04-24,2019-04-06 09:38:26,2019-04-06 09:38:26,2017-11-30 16:56:19,3.4.0,package1391version3.4.0,SNYK-PHP-SYMFONYSYMFONY-17449813913.4.0,2019-04-06 09:38:26,-492.0,-12,510,18
SNYK-PHP-SYMFONYSYMFONY-174499,1391,Composer,Access Control Bypass,M,2019-04-17,2019-04-24,2019-04-06 19:17:28,2019-04-06 19:17:28,2018-05-30 12:52:50,4.1.0,package1391version4.1.0,SNYK-PHP-SYMFONYSYMFONY-17449913914.1.0,2019-04-06 19:17:28,-311.0,-11,329,18
SNYK-PHP-SYMFONYSYMFONY-174497,1391,Composer,Improper Input Validation,M,2019-04-24,2019-04-24,2019-04-16 06:40:48,2019-04-16 06:40:48,2016-11-30 08:46:24,3.2.0,package1391version3.2.0,SNYK-PHP-SYMFONYSYMFONY-17449713913.2.0,2019-04-16 06:40:48,-867.0,-8,875,8
SNYK-PHP-SYMFONYSYMFONY-70210,1391,Composer,Arbitrary Code Injection,M,2014-07-25,2014-07-25,2014-07-15 13:44:49,2014-07-15 13:44:49,2012-09-06 09:01:56,2.1.0,package1391version2.1.0,SNYK-PHP-SYMFONYSYMFONY-7021013912.1.0,2014-07-15 13:44:49,-677.0,-10,687,10
SNYK-JAVA-ORGSPRINGFRAMEWORK-31329,2164,Maven,Expression Language Injection,H,2011-09-09,2011-09-09,2012-11-25 19:50:53,2012-11-25 19:50:53,2011-09-09 22:43:00,2.5.6.SEC03,package2164version2.5.6.SEC03,SNYK-JAVA-ORGSPRINGFRAMEWORK-3132921642.5.6.SEC03,2012-11-25 19:50:53,-443.0,443,0,-443
SNYK-JS-YARGSPARSER-560381,1255,npm,Prototype Pollution,M,2020-03-16,2020-03-16,2020-03-16 07:08:00,2020-03-16 07:08:00,2020-03-13 20:56:49,15.0.1,package1255version15.0.1,SNYK-JS-YARGSPARSER-560381125515.0.1,2020-03-16 07:08:00,-2.0,0,3,0
SNYK-JAVA-ORGSPRINGFRAMEWORK-30157,3172,Maven,Expression Language Injection,H,2011-09-09,2011-09-09,2012-11-25 19:50:53,2012-11-25 19:50:53,2011-09-09 22:43:00,2.5.6.SEC03,package3172version2.5.6.SEC03,SNYK-JAVA-ORGSPRINGFRAMEWORK-3015731722.5.6.SEC03,2012-11-25 19:50:53,-443.0,443,0,-443
SNYK-JS-TOASTUIEDITOR-570416,1217,npm,Cross-site Scripting (XSS),M,2019-01-30,2020-03-26,2020-05-29 11:05:02,2020-06-03 09:01:34,2020-04-29 07:20:14,2.1.0,package1217version2.1.0,SNYK-JS-TOASTUIEDITOR-57041612172.1.0,2020-05-29 11:05:02,-30.0,485,-34,-64
SNYK-PHP-SYMFONYSYMFONY-70376,1391,Composer,Information Exposure,M,2017-11-16,2017-12-04,2017-11-16 08:58:50,2017-11-16 08:58:50,2016-05-30 07:24:54,3.1.0,package1391version3.1.0,SNYK-PHP-SYMFONYSYMFONY-7037613913.1.0,2017-11-16 08:58:50,-535.0,0,553,18
SNYK-JAVA-ORGBOUNCYCASTLE-31658,200,Maven,Hash Collision,H,2018-03-18,2018-04-02,2013-03-06 23:47:18,2013-03-06 23:47:18,2012-03-27 00:54:00,1.47,package200version1.47,SNYK-JAVA-ORGBOUNCYCASTLE-316582001.47,2013-03-06 23:47:18,-345.0,-1838,2197,1853
SNYK-GOLANG-K8SIOKUBERNETESPKGVOLUMESCALEIO-575599,722,Go,Server Side Request Forgery (SSRF),M,2020-06-05,2020-07-10,2020-04-02 22:25:36,2020-04-02 22:25:36,2020-03-12 20:54:31,1.17.4,package722version1.17.4,SNYK-GOLANG-K8SIOKUBERNETESPKGVOLUMESCALEIO-5755997221.17.4,2020-04-02 22:25:36,-21.0,-64,120,99
SNYK-PHP-SYMFONYSYMFONY-174498,1391,Composer,Cross-site Scripting (XSS),M,2019-04-18,2019-04-24,2019-04-06 09:38:26,2019-04-06 09:38:26,2016-05-30 07:24:54,3.1.0,package1391version3.1.0,SNYK-PHP-SYMFONYSYMFONY-17449813913.1.0,2019-04-06 09:38:26,-1041.0,-12,1059,18
SNYK-JAVA-ORGAPACHETHRIFT-173706,1248,Maven,Improper Access Control,M,2019-01-07,2019-02-17,2018-10-11 14:19:50,2018-10-11 14:19:50,2018-01-15 20:50:00,0.11.0,package1248version0.11.0,SNYK-JAVA-ORGAPACHETHRIFT-17370612480.11.0,2018-10-11 14:19:50,-269.0,-88,398,129
SNYK-PYTHON-ANSIBLE-560365,83,pip,Information Exposure,M,2020-03-16,2020-03-16,2020-07-30 04:05:29,2020-07-30 04:05:29,2020-04-17 01:31:46,2.9.7,package83version2.9.7,SNYK-PYTHON-ANSIBLE-560365832.9.7,2020-07-30 04:05:29,-104.0,136,-32,-136
SNYK-JAVA-COMLIFERAY-1072100,80,Maven,Cross-site Scripting (XSS),M,2017-08-07,2021-02-12,2017-03-25 22:30:50,2017-03-25 22:32:23,2017-03-16 23:18:00,2.0.16,package80version2.0.16,SNYK-JAVA-COMLIFERAY-1072100802.0.16,2017-03-25 22:30:50,-9.0,-135,1429,1420
SNYK-GOLANG-K8SIOKUBERNETESPKGVOLUMEGLUSTERFS-575597,771,Go,Server Side Request Forgery (SSRF),M,2020-06-05,2020-07-10,2020-04-02 22:25:36,2020-04-02 22:25:36,2020-03-12 20:54:31,1.17.4,package771version1.17.4,SNYK-GOLANG-K8SIOKUBERNETESPKGVOLUMEGLUSTERFS-5755977711.17.4,2020-04-02 22:25:36,-21.0,-64,120,99
SNYK-JS-ELECTRON-565364,124,npm,Use After Free,H,2020-03-18,2020-04-14,2020-04-08 00:51:49,2020-04-10 00:30:48,2020-04-06 23:49:26,8.2.1,package124version8.2.1,SNYK-JS-ELECTRON-5653641248.2.1,2020-04-08 00:51:49,-1.0,21,8,6
npm:electron:20180123,124,npm,Directory Traversal,H,2018-01-23,2018-01-25,2018-03-15 05:23:49,2018-03-15 05:25:18,2018-01-23 01:18:37,1.6.16,package124version1.6.16,npm:electron:201801231241.6.16,2018-03-15 05:23:49,-51.0,51,2,-49
SNYK-PHP-TYPO3PHARSTREAMWRAPPER-174618,1906,Composer,Deserialization of Untrusted Data,H,2018-10-18,2019-05-09,2019-04-27 11:34:55,2019-04-27 11:34:55,2018-10-18 08:50:44,3.0.1,package1906version3.0.1,SNYK-PHP-TYPO3PHARSTREAMWRAPPER-17461819063.0.1,2019-04-27 11:34:55,-191.0,191,203,12
SNYK-JAVA-ORGCODEHAUSGROOVY-31510,2689,Maven,Deserialization of Untrusted Data,H,2016-09-20,2017-09-20,2016-10-03 16:24:50,2016-10-03 16:24:50,2016-06-07 08:38:00,2.4.7,package2689version2.4.7,SNYK-JAVA-ORGCODEHAUSGROOVY-3151026892.4.7,2016-10-03 16:24:50,-118.0,13,470,352
SNYK-PHP-SYMFONYSYMFONY-70210,1391,Composer,Arbitrary Code Injection,M,2014-07-25,2014-07-25,2014-07-15 13:44:49,2014-07-15 13:44:49,2013-03-01 06:52:29,2.2.0,package1391version2.2.0,SNYK-PHP-SYMFONYSYMFONY-7021013912.2.0,2014-07-15 13:44:49,-501.0,-10,511,10
SNYK-JS-ELECTRON-565366,124,npm,Use After Free,H,2020-04-14,2020-04-14,2020-04-08 00:41:36,2020-04-09 20:40:31,2020-04-06 23:49:26,8.2.1,package124version8.2.1,SNYK-JS-ELECTRON-5653661248.2.1,2020-04-08 00:41:36,-1.0,-6,8,6
SNYK-JS-YARGSPARSER-560381,1255,npm,Prototype Pollution,M,2020-03-16,2020-03-16,2020-03-16 07:08:00,2020-03-16 07:08:00,2020-03-13 21:21:03,13.1.2,package1255version13.1.2,SNYK-JS-YARGSPARSER-560381125513.1.2,2020-03-16 07:08:00,-2.0,0,3,0
SNYK-PHP-INTELLIANTSSUBRION-451502,178,Composer,Cross-site Scripting (XSS),M,2019-07-03,2019-07-03,2017-06-26 05:32:30,2017-06-26 05:32:30,2017-05-17 05:48:06,4.1.4,package178version4.1.4,SNYK-PHP-INTELLIANTSSUBRION-4515021784.1.4,2017-06-26 05:32:30,-40.0,-737,777,737
npm:wicket:20180225,2442,npm,Regular Expression Denial of Service (ReDoS),L,2018-02-27,2018-02-27,2018-02-24 22:57:33,2018-02-25 13:15:24,2016-05-04 14:40:47,1.3.2,package2442version1.3.2,npm:wicket:2018022524421.3.2,2018-02-24 22:57:33,-661.0,-3,664,3
SNYK-GOLANG-K8SIOKUBERNETESPKGVOLUMEQUOBYTE-575596,715,Go,Server Side Request Forgery (SSRF),M,2020-06-05,2020-07-10,2020-04-02 22:25:36,2020-04-02 22:25:36,2020-03-12 20:54:31,1.17.4,package715version1.17.4,SNYK-GOLANG-K8SIOKUBERNETESPKGVOLUMEQUOBYTE-5755967151.17.4,2020-04-02 22:25:36,-21.0,-64,120,99
SNYK-JAVA-ORGAPEREOCAS-467406,1597,Maven,Insecure Randomness,H,2019-09-20,2019-09-20,2019-09-17 19:49:46,2019-09-17 19:49:46,2019-09-02 05:50:00,6.1.0-RC5,package1597version6.1.0-RC5,SNYK-JAVA-ORGAPEREOCAS-46740615976.1.0-RC5,2019-09-17 19:49:46,-16.0,-3,18,3
SNYK-PHP-SYMFONYSYMFONY-174499,1391,Composer,Access Control Bypass,M,2019-04-17,2019-04-24,2019-04-06 19:17:28,2019-04-06 19:17:28,2017-11-30 16:56:19,3.4.0,package1391version3.4.0,SNYK-PHP-SYMFONYSYMFONY-17449913913.4.0,2019-04-06 19:17:28,-492.0,-11,510,18
npm:electron:20180123,124,npm,Directory Traversal,H,2018-01-23,2018-01-25,2018-03-15 05:23:49,2018-03-15 05:25:18,2018-01-23 03:39:05,1.8.2-beta.4,package124version1.8.2-beta.4,npm:electron:201801231241.8.2-beta.4,2018-03-15 05:23:49,-51.0,51,2,-49
SNYK-PYTHON-CRYPTOGRAPHY-40445,90,pip,Use of a Risky Cryptographic Algorithm,H,2016-11-01,2016-11-01,2016-11-06 01:18:15,2016-11-06 02:08:21,2016-09-26 20:23:38,1.5.2,package90version1.5.2,SNYK-PYTHON-CRYPTOGRAPHY-40445901.5.2,2016-11-06 01:18:15,-40.0,5,36,-5
SNYK-JS-DEEPREF-1049536,302,npm,Prototype Pollution,H,2020-12-09,2020-12-09,2020-11-23 15:28:03,2020-11-23 15:28:03,2016-06-05 16:34:01,1.2.1,package302version1.2.1,SNYK-JS-DEEPREF-10495363021.2.1,2020-11-23 15:28:03,-1632.0,-16,1648,16
SNYK-JAVA-ORGAPACHETOMCATEMBED-1017119,677,Maven,HTTP Request Smuggling,M,2020-10-13,2020-10-13,2020-08-17 15:09:30,2020-08-17 15:09:30,2016-08-31 20:20:00,8.5.5,package677version8.5.5,SNYK-JAVA-ORGAPACHETOMCATEMBED-10171196778.5.5,2020-08-17 15:09:30,-1447.0,-57,1504,57
SNYK-PHP-SYMFONYSYMFONY-174498,1391,Composer,Cross-site Scripting (XSS),M,2019-04-18,2019-04-24,2019-04-06 09:38:26,2019-04-06 09:38:26,2018-05-30 12:52:50,4.1.0,package1391version4.1.0,SNYK-PHP-SYMFONYSYMFONY-17449813914.1.0,2019-04-06 09:38:26,-311.0,-12,329,18
SNYK-PYTHON-VIRTUALENV-40089,3340,pip,Symlink Attack,L,2011-12-31,2016-02-25,2012-02-25 20:07:41,2012-02-25 20:08:19,2010-09-14 20:00:06,1.5,package3340version1.5,SNYK-PYTHON-VIRTUALENV-4008933401.5,2012-02-25 20:07:41,-529.0,56,1990,1461
SNYK-PHP-OPENMAGEMAGENTOLTS-1063227,126,Composer,Remote Code Execution (RCE),H,2021-01-21,2021-01-21,2021-01-19 15:17:49,2021-01-19 15:17:49,2020-12-29 13:26:39,19.4.9,package126version19.4.9,SNYK-PHP-OPENMAGEMAGENTOLTS-106322712619.4.9,2021-01-19 15:17:49,-21.0,-2,23,2
SNYK-PHP-SYMFONYSYMFONY-70376,1391,Composer,Information Exposure,M,2017-11-16,2017-12-04,2017-11-16 08:58:50,2017-11-16 08:58:50,2016-11-30 08:46:24,3.2.0,package1391version3.2.0,SNYK-PHP-SYMFONYSYMFONY-7037613913.2.0,2017-11-16 08:58:50,-351.0,0,369,18
npm:clamscan:20150821,1201,npm,Arbitrary Command Execution,H,2015-08-20,2017-01-18,2015-08-21 20:43:54,2015-08-21 20:43:54,2015-08-14 04:27:24,0.8.2,package1201version0.8.2,npm:clamscan:2015082112010.8.2,2015-08-21 20:43:54,-8.0,1,523,516
SNYK-PYTHON-DJANGOSMARTLISTS-565715,1178,pip,Cross-site Scripting (XSS),H,2020-01-30,2020-04-15,2020-01-30 09:21:49,2020-01-30 09:21:49,2019-07-17 13:16:20,1.0.26,package1178version1.0.26,SNYK-PYTHON-DJANGOSMARTLISTS-56571511781.0.26,2020-01-30 09:21:49,-197.0,0,273,76
SNYK-JAVA-COMMONSBEANUTILS-30077,1643,Maven,Arbitrary Code Execution,H,2014-04-30,2014-05-01,2019-05-23 00:45:17,2019-05-23 13:08:27,2014-05-26 23:19:00,1.9.2,package1643version1.9.2,SNYK-JAVA-COMMONSBEANUTILS-3007716431.9.2,2019-05-23 00:45:17,-1822.0,1849,-25,-1848
SNYK-PHP-SYMFONYSYMFONY-174496,1391,Composer,Arbitrary Code Execution,M,2019-04-17,2019-04-24,2019-04-16 11:13:42,2019-04-16 11:13:42,2018-05-30 12:52:50,4.1.0,package1391version4.1.0,SNYK-PHP-SYMFONYSYMFONY-17449613914.1.0,2019-04-16 11:13:42,-321.0,-1,329,8
SNYK-PHP-TYPO3PHARSTREAMWRAPPER-174618,1906,Composer,Deserialization of Untrusted Data,H,2018-10-18,2019-05-09,2019-04-27 11:34:55,2019-04-27 11:34:55,2018-10-18 08:46:28,2.0.1,package1906version2.0.1,SNYK-PHP-TYPO3PHARSTREAMWRAPPER-17461819062.0.1,2019-04-27 11:34:55,-191.0,191,203,12
SNYK-PHP-SYMFONYSYMFONY-70212,1391,Composer,Information Exposure,L,2014-09-03,2014-09-03,2014-09-02 07:39:57,2014-09-02 07:39:57,2012-09-06 09:01:56,2.1.0,package1391version2.1.0,SNYK-PHP-SYMFONYSYMFONY-7021213912.1.0,2014-09-02 07:39:57,-726.0,-1,727,1
SNYK-JAVA-IOKUBERNETES-1061916,143,Maven,Arbitrary File Write via Archive Extraction (Zip Slip),H,2020-12-21,2021-01-18,2020-12-18 19:59:11,2020-12-21 03:28:25,2020-08-12 21:03:00,9.0.1,package143version9.0.1,SNYK-JAVA-IOKUBERNETES-10619161439.0.1,2020-12-18 19:59:11,-128.0,-3,159,31
SNYK-JAVA-ORGAPACHEACTIVEMQ-30498,1540,Maven,Cross-site Scripting (XSS),L,2010-04-05,2015-05-19,2010-02-23 10:21:13,2010-04-07 13:55:14,2009-10-08 10:33:00,5.3.0,package1540version5.3.0,SNYK-JAVA-ORGAPACHEACTIVEMQ-3049815405.3.0,2010-02-23 10:21:13,-138.0,-41,2049,1911
SNYK-JAVA-ORGJBOSSRESTEASY-30121,2929,Maven,XML External Entity (XXE) Injection,M,2012-11-23,2016-12-25,2012-01-12 23:24:57,2012-01-13 04:21:43,2010-02-02 16:30:00,2.0-beta-1,package2929version2.0-beta-1,SNYK-JAVA-ORGJBOSSRESTEASY-3012129292.0-beta-1,2012-01-12 23:24:57,-709.0,-316,2518,1809
SNYK-JAVA-ORGAPACHETOMCAT-1017114,691,Maven,HTTP Request Smuggling,M,2020-10-13,2020-10-13,2020-08-17 15:09:30,2020-08-17 15:09:30,2016-08-31 20:19:00,8.5.5,package691version8.5.5,SNYK-JAVA-ORGAPACHETOMCAT-10171146918.5.5,2020-08-17 15:09:30,-1447.0,-57,1504,57
SNYK-GOLANG-GITHUBCOMGOLDAPLDAP-50053,2625,Go,Access Restriction Bypass,H,2017-08-23,2017-10-17,2017-08-24 10:42:59,2017-08-24 17:36:02,2016-12-01 20:47:33,2.5.0,package2625version2.5.0,SNYK-GOLANG-GITHUBCOMGOLDAPLDAP-5005326252.5.0,2017-08-24 10:42:59,-266.0,1,320,54
SNYK-GOLANG-GITHUBCOMKUBERNETESKUBERNETESPKGVOLUMESTORAGEOS-575598,710,Go,Server Side Request Forgery (SSRF),M,2020-06-05,2020-07-10,2020-04-02 22:25:36,2020-04-02 22:25:36,2020-03-12 20:54:31,1.17.4,package710version1.17.4,SNYK-GOLANG-GITHUBCOMKUBERNETESKUBERNETESPKGVOLUMESTORAGEOS-5755987101.17.4,2020-04-02 22:25:36,-21.0,-64,120,99
SNYK-PHP-SYMFONYSYMFONY-70212,1391,Composer,Information Exposure,L,2014-09-03,2014-09-03,2014-09-02 07:39:57,2014-09-02 07:39:57,2013-03-01 06:52:29,2.2.0,package1391version2.2.0,SNYK-PHP-SYMFONYSYMFONY-7021213912.2.0,2014-09-02 07:39:57,-550.0,-1,551,1
SNYK-JAVA-ORGAPACHETOMCATEMBED-451342,677,Maven,Denial of Service (DoS),H,2019-06-21,2019-06-27,2019-05-03 19:31:33,2019-05-03 20:52:41,2019-04-10 14:41:00,8.5.40,package677version8.5.40,SNYK-JAVA-ORGAPACHETOMCATEMBED-4513426778.5.40,2019-05-03 19:31:33,-23.0,-49,78,55
SNYK-JAVA-COMLIFERAY-469185,1579,Maven,Cross-site Scripting (XSS),M,2019-09-09,2019-09-26,2019-09-03 18:35:51,2019-09-25 17:20:48,2019-08-14 09:44:00,3.0.3,package1579version3.0.3,SNYK-JAVA-COMLIFERAY-46918515793.0.3,2019-09-03 18:35:51,-20.0,-6,43,23
SNYK-PHP-SYMFONYSYMFONY-174496,1391,Composer,Arbitrary Code Execution,M,2019-04-17,2019-04-24,2019-04-16 11:13:42,2019-04-16 11:13:42,2017-05-29 21:02:32,3.3.0,package1391version3.3.0,SNYK-PHP-SYMFONYSYMFONY-17449613913.3.0,2019-04-16 11:13:42,-687.0,-1,695,8
SNYK-JAVA-ORGJVNETHUDSONPLUGINS-32170,2367,Maven,XML External Entity (XXE) Injection,H,2018-01-04,2018-04-08,2018-01-04 16:33:20,2018-01-04 16:33:20,2008-07-30 06:17:00,1.8,package2367version1.8,SNYK-JAVA-ORGJVNETHUDSONPLUGINS-3217023671.8,2018-01-04 16:33:20,-3445.0,0,3539,94
SNYK-PHP-SYMFONYSYMFONY-174498,1391,Composer,Cross-site Scripting (XSS),M,2019-04-18,2019-04-24,2019-04-06 09:38:26,2019-04-06 09:38:26,2016-11-30 08:46:24,3.2.0,package1391version3.2.0,SNYK-PHP-SYMFONYSYMFONY-17449813913.2.0,2019-04-06 09:38:26,-857.0,-12,875,18
SNYK-RUBY-ARCHIVETARMINITAR-20337,3405,RubyGems,Arbitrary File Write via Archive Extraction (Zip Slip),H,2016-08-21,2017-03-06,2017-02-07 04:23:42,2017-02-07 04:23:42,2009-07-25 18:33:51,0.5.2,package3405version0.5.2,SNYK-RUBY-ARCHIVETARMINITAR-2033734050.5.2,2017-02-07 04:23:42,-2753.0,170,2781,27
SNYK-JAVA-NETBULLJAVAMELODY-30451,1539,Maven,Cross-site Scripting (XSS),M,2013-09-30,2015-06-10,2013-09-26 22:02:55,2013-09-26 22:02:55,2013-08-03 20:26:00,1.46.0,package1539version1.46.0,SNYK-JAVA-NETBULLJAVAMELODY-3045115391.46.0,2013-09-26 22:02:55,-54.0,-4,676,622
SNYK-JS-DNSSYNC-570585,822,npm,Remote Code Execution (RCE),H,2020-05-21,2020-05-29,2020-05-20 01:48:24,2020-05-20 01:48:24,2019-07-26 16:47:07,0.2.0,package822version0.2.0,SNYK-JS-DNSSYNC-5705858220.2.0,2020-05-20 01:48:24,-298.0,-1,308,9
SNYK-GOLANG-GITHUBCOMKUBERNETESKUBERNETESPKGKUBELETSERVER-561504,1206,Go,Denial of Service (DoS),M,2020-03-24,2020-03-31,2020-02-07 23:12:24,2020-02-07 23:12:24,2020-01-18 23:21:43,1.17.2,package1206version1.17.2,SNYK-GOLANG-GITHUBCOMKUBERNETESKUBERNETESPKGKUBELETSERVER-56150412061.17.2,2020-02-07 23:12:24,-20.0,-46,73,53
npm:http-proxy:20110901,3394,npm,Regular Expression Denial of Service (ReDoS),M,2011-08-31,2017-02-13,2011-09-01 15:44:45,2011-09-08 21:36:40,2011-08-04 13:00:37,0.7.0,package3394version0.7.0,npm:http-proxy:2011090133940.7.0,2011-09-01 15:44:45,-28.0,1,2020,1992
SNYK-JAVA-ORGSPRINGFRAMEWORK-31329,2164,Maven,Expression Language Injection,H,2011-09-09,2011-09-09,2012-11-25 19:50:53,2012-11-25 19:50:53,2011-08-19 13:56:00,3.0.6.RELEASE,package2164version3.0.6.RELEASE,SNYK-JAVA-ORGSPRINGFRAMEWORK-3132921643.0.6.RELEASE,2012-11-25 19:50:53,-464.0,443,21,-443
SNYK-PHP-SYMFONYSYMFONY-174496,1391,Composer,Arbitrary Code Execution,M,2019-04-17,2019-04-24,2019-04-16 11:13:42,2019-04-16 11:13:42,2017-11-30 16:56:19,3.4.0,package1391version3.4.0,SNYK-PHP-SYMFONYSYMFONY-17449613913.4.0,2019-04-16 11:13:42,-502.0,-1,510,8
SNYK-PHP-LARAVELFRAMEWORK-174581,551,Composer,Remote Code Execution (RCE),M,2018-08-09,2019-05-05,2018-08-07 08:39:35,2018-08-07 08:39:35,2018-08-01 13:48:57,5.5.41,package551version5.5.41,SNYK-PHP-LARAVELFRAMEWORK-1745815515.5.41,2018-08-07 08:39:35,-6.0,-2,277,271
SNYK-JAVA-COMCAPITALONEDASHBOARD-1042970,3905,Maven,Cryptographic Issues,L,2021-01-26,2021-01-26,2020-10-14 23:24:31,2020-12-15 22:03:09,2020-04-22 21:13:00,3.6.9,package3905version3.6.9,SNYK-JAVA-COMCAPITALONEDASHBOARD-104297039053.6.9,2020-10-14 23:24:31,-175.0,-104,279,104
SNYK-PHP-MOODLEMOODLE-1048843,125,Composer,Cross-site Scripting (XSS),H,2020-12-08,2020-12-08,2020-09-08 06:54:26,2020-09-08 06:54:26,2020-07-12 10:12:37,3.5.13,package125version3.5.13,SNYK-PHP-MOODLEMOODLE-10488431253.5.13,2020-09-08 06:54:26,-58.0,-91,149,91
SNYK-JS-REQUIRENODE-451045,3590,npm,Arbitrary Code Execution,H,2019-06-20,2019-06-27,2019-06-21 04:27:20,2019-06-21 04:27:20,2019-06-20 15:55:42,1.3.4,package3590version1.3.4,SNYK-JS-REQUIRENODE-45104535901.3.4,2019-06-21 04:27:20,-1.0,1,7,6
SNYK-RUBY-DELAYEDJOBACTIVERECORD-20422,2681,RubyGems,Man-in-the-Middle (MitM),M,2013-02-13,2017-09-14,2013-02-14 17:12:49,2013-02-14 17:12:49,2011-12-30 16:41:00,0.2.2,package2681version0.2.2,SNYK-RUBY-DELAYEDJOBACTIVERECORD-2042226810.2.2,2013-02-14 17:12:49,-412.0,1,2085,1673
SNYK-PHP-SYMFONYSYMFONY-174498,1391,Composer,Cross-site Scripting (XSS),M,2019-04-18,2019-04-24,2019-04-06 09:38:26,2019-04-06 09:38:26,2017-05-29 21:02:32,3.3.0,package1391version3.3.0,SNYK-PHP-SYMFONYSYMFONY-17449813913.3.0,2019-04-06 09:38:26,-677.0,-12,695,18
SNYK-PYTHON-MISTUNE-40765,2699,pip,Cross-site Scripting (XSS),M,2017-11-19,2017-12-07,2017-11-20 15:15:09,2017-11-20 15:15:09,2017-11-07 06:01:47,0.8.1,package2699version0.8.1,SNYK-PYTHON-MISTUNE-4076526990.8.1,2017-11-20 15:15:09,-13.0,1,30,17
SNYK-PHP-SYMFONYSYMFONY-174497,1391,Composer,Improper Input Validation,M,2019-04-24,2019-04-24,2019-04-16 06:40:48,2019-04-16 06:40:48,2017-11-30 16:56:19,3.4.0,package1391version3.4.0,SNYK-PHP-SYMFONYSYMFONY-17449713913.4.0,2019-04-16 06:40:48,-502.0,-8,510,8
npm:ractive:20160318,2565,npm,Denial of Service (DoS),M,2016-03-17,2017-12-25,2016-11-14 19:56:35,2016-11-14 19:56:35,2016-10-10 00:59:27,0.8.0,package2565version0.8.0,npm:ractive:2016031825650.8.0,2016-11-14 19:56:35,-36.0,242,441,406
SNYK-PHP-SYMFONYSYMFONY-70381,1391,Composer,Open Redirect,M,2017-11-17,2017-12-04,2017-11-06 17:06:45,2017-11-06 17:06:45,2016-05-30 07:24:54,3.1.0,package1391version3.1.0,SNYK-PHP-SYMFONYSYMFONY-7038113913.1.0,2017-11-06 17:06:45,-525.0,-11,553,28
SNYK-JS-ELECTRON-565368,124,npm,Use After Free,H,2020-03-18,2020-04-14,2020-04-08 00:36:37,2020-04-09 21:20:28,2020-04-06 23:49:26,8.2.1,package124version8.2.1,SNYK-JS-ELECTRON-5653681248.2.1,2020-04-08 00:36:37,-1.0,21,8,6
SNYK-PHP-SYMFONYSYMFONY-70380,1391,Composer,Cross-site Request Forgery (CSRF),M,2017-11-16,2017-12-04,2017-11-16 13:51:08,2017-11-16 13:51:08,2016-11-30 08:46:24,3.2.0,package1391version3.2.0,SNYK-PHP-SYMFONYSYMFONY-7038013913.2.0,2017-11-16 13:51:08,-351.0,0,369,18
SNYK-PHP-MOODLEMOODLE-1048843,125,Composer,Cross-site Scripting (XSS),H,2020-12-08,2020-12-08,2020-09-08 06:54:26,2020-09-08 06:54:26,2020-07-12 10:12:45,3.7.7,package125version3.7.7,SNYK-PHP-MOODLEMOODLE-10488431253.7.7,2020-09-08 06:54:26,-58.0,-91,149,91
SNYK-JAVA-ORGECLIPSECHEINFRASTRUCTURE-561133,1214,Maven,Improper Authentication,M,2020-03-25,2020-03-25,2020-03-04 14:16:03,2020-03-05 13:20:06,2020-02-24 15:18:00,7.9.0,package1214version7.9.0,SNYK-JAVA-ORGECLIPSECHEINFRASTRUCTURE-56113312147.9.0,2020-03-04 14:16:03,-9.0,-21,30,21
SNYK-JAVA-COMSHOPIZER-567251,906,Maven,Improper Input Validation,M,2020-04-23,2020-04-23,2020-04-10 13:35:12,2020-04-10 13:35:12,2020-03-26 13:28:00,2.11.0,package906version2.11.0,SNYK-JAVA-COMSHOPIZER-5672519062.11.0,2020-04-10 13:35:12,-15.0,-13,28,13
SNYK-JAVA-ORGJBOSSRESTEASY-30115,2928,Maven,XML External Entity (XXE) Injection,M,2012-11-23,2016-12-25,2012-01-12 23:24:57,2012-01-13 04:21:43,2010-01-30 00:40:00,2.0-beta-1,package2928version2.0-beta-1,SNYK-JAVA-ORGJBOSSRESTEASY-3011529282.0-beta-1,2012-01-12 23:24:57,-713.0,-316,2521,1809
SNYK-JAVA-ORGJGROUPS-30129,2932,Maven,Authorization bypass,H,2016-06-30,2016-12-25,2016-04-26 07:00:26,2016-06-15 05:13:23,2012-10-02 10:16:00,2.6.22.Final,package2932version2.6.22.Final,SNYK-JAVA-ORGJGROUPS-3012929322.6.22.Final,2016-04-26 07:00:26,-1302.0,-65,1545,243
SNYK-JS-NODESASS-540970,163,npm,Uncontrolled Recursion,H,2020-01-08,2020-01-08,2017-07-11 19:36:28,2017-07-11 19:36:28,2017-01-27 02:27:08,4.4.0,package163version4.4.0,SNYK-JS-NODESASS-5409701634.4.0,2017-07-11 19:36:28,-166.0,-911,1076,911
SNYK-JS-REQUIRENODE-451045,3590,npm,Arbitrary Code Execution,H,2019-06-20,2019-06-27,2019-06-21 04:27:20,2019-06-21 04:27:20,2019-06-20 14:23:21,2.0.4,package3590version2.0.4,SNYK-JS-REQUIRENODE-45104535902.0.4,2019-06-21 04:27:20,-1.0,1,7,6
SNYK-JAVA-COMLINECORPCENTRALDOGMA-455597,1721,Maven,Cross-site Scripting (XSS),H,2019-07-23,2019-07-28,2019-07-23 03:51:59,2019-07-26 02:44:05,2019-07-04 01:09:00,0.40.1,package1721version0.40.1,SNYK-JAVA-COMLINECORPCENTRALDOGMA-45559717210.40.1,2019-07-23 03:51:59,-19.0,0,24,5
SNYK-GOLANG-GITHUBCOMHASHICORPNOMADCOMMANDAGENT-561357,1221,Go,Cross-site Scripting (XSS),M,2020-03-26,2020-03-26,2020-03-25 13:56:11,2020-03-25 13:56:11,2020-03-24 20:48:07,0.10.5,package1221version0.10.5,SNYK-GOLANG-GITHUBCOMHASHICORPNOMADCOMMANDAGENT-56135712210.10.5,2020-03-25 13:56:11,-1.0,-1,2,1
SNYK-GOLANG-GITHUBCOMGOOGLEGOTPMTPM-598254,633,Go,Improper Initialization,M,2020-08-12,2020-08-12,2020-07-22 20:30:56,2020-07-23 19:00:49,2019-09-06 23:37:05,0.2.0,package633version0.2.0,SNYK-GOLANG-GITHUBCOMGOOGLEGOTPMTPM-5982546330.2.0,2020-07-22 20:30:56,-320.0,-21,341,21
SNYK-PHP-SYMFONYSYMFONY-174497,1391,Composer,Improper Input Validation,M,2019-04-24,2019-04-24,2019-04-16 06:40:48,2019-04-16 06:40:48,2017-05-29 21:02:32,3.3.0,package1391version3.3.0,SNYK-PHP-SYMFONYSYMFONY-17449713913.3.0,2019-04-16 06:40:48,-686.0,-8,695,8
SNYK-JAVA-ORGBOUNCYCASTLE-450990,2384,Maven,Hash Collision,H,2018-03-18,2018-04-02,2013-03-06 23:47:18,2013-03-06 23:47:18,2012-03-23 00:24:00,1.47,package2384version1.47,SNYK-JAVA-ORGBOUNCYCASTLE-45099023841.47,2013-03-06 23:47:18,-349.0,-1838,2201,1853
SNYK-PYTHON-ANSIBLE-560365,83,pip,Information Exposure,M,2020-03-16,2020-03-16,2020-07-30 04:05:29,2020-07-30 04:05:29,2020-04-17 00:53:48,2.8.11,package83version2.8.11,SNYK-PYTHON-ANSIBLE-560365832.8.11,2020-07-30 04:05:29,-104.0,136,-32,-136
npm:is-my-json-valid:20180214,623,npm,Regular Expression Denial of Service (ReDoS),L,2018-02-13,2018-02-15,2018-02-14 15:03:43,2018-02-14 15:11:56,2015-01-11 18:42:59,1.4.1,package623version1.4.1,npm:is-my-json-valid:201802146231.4.1,2018-02-14 15:03:43,-1130.0,1,1131,1
SNYK-PYTHON-FLASKAPPBUILDER-565889,3734,pip,Incorrect Default Permissions,M,2020-04-01,2020-04-01,2020-02-18 11:24:00,2020-02-18 11:24:00,2020-02-11 16:32:10,2.2.3,package3734version2.2.3,SNYK-PYTHON-FLASKAPPBUILDER-56588937342.2.3,2020-02-18 11:24:00,-7.0,-43,50,43
SNYK-PHP-SYMFONYSYMFONY-70377,1391,Composer,Directory Traversal,H,2017-11-16,2017-12-04,2017-09-01 08:48:43,2017-09-01 08:48:43,2016-11-30 08:46:24,3.2.0,package1391version3.2.0,SNYK-PHP-SYMFONYSYMFONY-7037713913.2.0,2017-09-01 08:48:43,-275.0,-76,369,94
SNYK-GOLANG-GITHUBCOMCONCOURSECONCOURSESKYMARSHALSKYSERVER-569085,846,Go,Open Redirect,H,2020-05-14,2020-05-14,2020-03-20 16:32:09,2020-03-20 16:32:09,2019-11-28 16:14:15,5.7.2,package846version5.7.2,SNYK-GOLANG-GITHUBCOMCONCOURSECONCOURSESKYMARSHALSKYSERVER-5690858465.7.2,2020-03-20 16:32:09,-113.0,-55,168,55
npm:react:20131217,3380,npm,Cross-site Scripting (XSS),M,2013-12-16,2017-01-18,2013-12-18 02:29:40,2013-12-18 02:29:50,2012-03-13 14:01:12,0.5.2,package3380version0.5.2,npm:react:2013121733800.5.2,2013-12-18 02:29:40,-645.0,2,1772,1127
SNYK-PHP-SYMFONYSYMFONY-70212,1391,Composer,Information Exposure,L,2014-09-03,2014-09-03,2014-09-02 07:39:57,2014-09-02 07:39:57,2013-06-03 14:13:35,2.3.0,package1391version2.3.0,SNYK-PHP-SYMFONYSYMFONY-7021213912.3.0,2014-09-02 07:39:57,-456.0,-1,457,1
SNYK-JAVA-ORGJVNETHUDSONPLUGINS-32168,2368,Maven,XML External Entity (XXE) Injection,H,2018-01-22,2018-04-08,2018-01-22 15:46:50,2018-01-22 16:45:38,2010-04-29 22:24:00,2.5,package2368version2.5,SNYK-JAVA-ORGJVNETHUDSONPLUGINS-3216823682.5,2018-01-22 15:46:50,-2825.0,0,2901,76
SNYK-JAVA-ORGWSO2CARBON-608872,649,Maven,Cross-site Scripting (XSS),M,2020-08-28,2020-08-28,2020-01-31 05:04:36,2020-01-31 05:04:36,2019-09-25 16:08:00,4.5.1,package649version4.5.1,SNYK-JAVA-ORGWSO2CARBON-6088726494.5.1,2020-01-31 05:04:36,-128.0,-210,338,210
SNYK-PHP-OPENMAGEMAGENTOLTS-1063227,126,Composer,Remote Code Execution (RCE),H,2021-01-21,2021-01-21,2021-01-19 15:17:49,2021-01-19 15:17:49,2020-12-29 14:00:30,20.0.5,package126version20.0.5,SNYK-PHP-OPENMAGEMAGENTOLTS-106322712620.0.5,2021-01-19 15:17:49,-21.0,-2,23,2
SNYK-JS-ELECTRON-565329,124,npm,Use After Free,H,2020-04-07,2020-04-13,2020-04-09 00:43:08,2020-04-10 18:08:12,2020-03-23 15:50:54,9.0.0-beta.10,package124version9.0.0-beta.10,SNYK-JS-ELECTRON-5653291249.0.0-beta.10,2020-04-09 00:43:08,-16.0,2,21,4
SNYK-PHP-SYMFONYSYMFONY-174499,1391,Composer,Access Control Bypass,M,2019-04-17,2019-04-24,2019-04-06 19:17:28,2019-04-06 19:17:28,2016-11-30 08:46:24,3.2.0,package1391version3.2.0,SNYK-PHP-SYMFONYSYMFONY-17449913913.2.0,2019-04-06 19:17:28,-857.0,-11,875,18
npm:galenframework-cli:20161101,2996,npm,Resources Downloaded over Insecure Protocol,H,2016-11-01,2016-12-06,2016-11-01 08:06:55,2016-11-01 08:06:55,2016-07-14 10:58:32,2.3.1,package2996version2.3.1,npm:galenframework-cli:2016110129962.3.1,2016-11-01 08:06:55,-110.0,0,145,35
SNYK-PYTHON-PILLOW-1059090,160,pip,Heap-based Buffer Overflow,M,2021-01-12,2021-01-12,2021-01-02 09:37:48,2021-01-02 09:37:48,2020-10-22 19:20:07,8.0.1,package160version8.0.1,SNYK-PYTHON-PILLOW-10590901608.0.1,2021-01-02 09:37:48,-72.0,-10,82,10
SNYK-PHP-BUDDYPRESSBUDDYPRESS-555658,3702,Composer,Information Exposure,H,2020-01-03,2020-02-25,2020-01-31 16:32:54,2020-01-31 16:32:54,2020-01-03 21:20:57,5.1.2,package3702version5.1.2,SNYK-PHP-BUDDYPRESSBUDDYPRESS-55565837025.1.2,2020-01-31 16:32:54,-28.0,28,53,25
SNYK-PHP-MOODLEMOODLE-1048843,125,Composer,Cross-site Scripting (XSS),H,2020-12-08,2020-12-08,2020-09-08 06:54:26,2020-09-08 06:54:26,2020-07-12 10:13:02,3.9.1,package125version3.9.1,SNYK-PHP-MOODLEMOODLE-10488431253.9.1,2020-09-08 06:54:26,-58.0,-91,149,91
SNYK-GOLANG-GITHUBCOMKUBERNETESKUBERNETESPKGVOLUMESCALEIO-575595,709,Go,Server Side Request Forgery (SSRF),M,2020-06-05,2020-07-10,2020-04-02 22:25:36,2020-04-02 22:25:36,2020-03-12 20:54:31,1.17.4,package709version1.17.4,SNYK-GOLANG-GITHUBCOMKUBERNETESKUBERNETESPKGVOLUMESCALEIO-5755957091.17.4,2020-04-02 22:25:36,-21.0,-64,120,99
SNYK-JAVA-ORGAPACHEKYLIN-570207,735,Maven,Command Injection,H,2020-05-22,2020-05-22,2020-05-06 11:16:11,2020-05-06 11:16:11,2018-09-05 00:08:00,2.4.1,package735version2.4.1,SNYK-JAVA-ORGAPACHEKYLIN-5702077352.4.1,2020-05-06 11:16:11,-609.0,-16,625,16
SNYK-JAVA-ORGAPACHEWINK-31023,3325,Maven,XML External Entity (XXE) Injection,H,2015-11-25,2015-11-25,2010-06-07 19:34:42,2010-06-07 19:34:42,2010-05-04 20:55:00,1.1-incubating,package3325version1.1-incubating,SNYK-JAVA-ORGAPACHEWINK-3102333251.1-incubating,2010-06-07 19:34:42,-34.0,-1997,2031,1997
SNYK-JS-ELECTRON-565362,124,npm,Improper Access Control,H,2020-03-18,2020-04-13,2020-04-09 00:02:51,2020-04-10 18:26:26,2020-04-06 23:49:26,8.2.1,package124version8.2.1,SNYK-JS-ELECTRON-5653621248.2.1,2020-04-09 00:02:51,-2.0,22,7,4
SNYK-PHP-CARDGATEMAGENTO2-552157,3706,Composer,User Impersonation,H,2020-02-25,2020-02-25,2020-02-17 11:41:10,2020-02-17 12:20:58,2020-01-31 15:18:50,2.0.30,package3706version2.0.30,SNYK-PHP-CARDGATEMAGENTO2-55215737062.0.30,2020-02-17 11:41:10,-17.0,-8,25,8
SNYK-JAVA-ORGAPEREOCAS-468868,1598,Maven,Insecure Randomness,H,2019-09-20,2019-09-20,2019-09-17 19:49:46,2019-09-17 19:49:46,2019-09-02 05:17:00,6.1.0-RC5,package1598version6.1.0-RC5,SNYK-JAVA-ORGAPEREOCAS-46886815986.1.0-RC5,2019-09-17 19:49:46,-16.0,-3,18,3
SNYK-GOLANG-GITHUBCOMHASHICORPNOMADDRIVERSDOCKER-1039759,364,Go,Sandbox Bypass,M,2020-11-12,2020-11-12,2020-11-11 14:45:50,2020-11-11 14:45:50,2020-11-10 22:56:56,0.12.8,package364version0.12.8,SNYK-GOLANG-GITHUBCOMHASHICORPNOMADDRIVERSDOCKER-10397593640.12.8,2020-11-11 14:45:50,-1.0,-1,2,1
SNYK-DOTNET-SYSTEMIOCOMPRESSIONZIPFILE-174570,1932,NuGet,Arbitrary File Write via Archive Extraction (Zip Slip),M,2018-09-12,2019-05-02,2018-09-06 00:01:40,2018-09-07 00:35:52,2016-11-15 23:45:01,4.3.0,package1932version4.3.0,SNYK-DOTNET-SYSTEMIOCOMPRESSIONZIPFILE-17457019324.3.0,2018-09-06 00:01:40,-659.0,-6,898,238
SNYK-PHP-SYMFONYSYMFONY-174499,1391,Composer,Access Control Bypass,M,2019-04-17,2019-04-24,2019-04-06 19:17:28,2019-04-06 19:17:28,2017-05-29 21:02:32,3.3.0,package1391version3.3.0,SNYK-PHP-SYMFONYSYMFONY-17449913913.3.0,2019-04-06 19:17:28,-677.0,-11,695,18
SNYK-JAVA-ORGAPACHECXF-474630,3194,Maven,Denial of Service (DoS),M,2014-05-01,2014-05-01,2014-02-19 17:17:50,2014-02-19 17:17:50,2014-02-15 00:47:00,3.0.0-milestone2,package3194version3.0.0-milestone2,SNYK-JAVA-ORGAPACHECXF-47463031943.0.0-milestone2,2014-02-19 17:17:50,-5.0,-71,75,71
SNYK-GOLANG-GITHUBCOMCONCOURSECONCOURSESKYMARSHALSKYSERVER-569085,846,Go,Open Redirect,H,2020-05-14,2020-05-14,2020-03-20 16:32:09,2020-03-20 16:32:09,2019-07-18 13:13:28,5.4.0,package846version5.4.0,SNYK-GOLANG-GITHUBCOMCONCOURSECONCOURSESKYMARSHALSKYSERVER-5690858465.4.0,2020-03-20 16:32:09,-246.0,-55,301,55
SNYK-PHP-CODEIGNITERFRAMEWORK-72214,2269,Composer,Session Fixation,H,2018-06-12,2018-06-20,2018-06-15 10:48:53,2018-06-15 10:48:53,2018-06-12 13:45:46,3.1.9,package2269version3.1.9,SNYK-PHP-CODEIGNITERFRAMEWORK-7221422693.1.9,2018-06-15 10:48:53,-3.0,3,8,5
SNYK-PHP-SYMFONYSYMFONY-535354,1391,Composer,Arbitrary Code Execution,H,2019-11-13,2019-11-22,2019-11-11 12:54:47,2019-11-12 13:10:02,2019-07-28 07:05:29,4.2.11,package1391version4.2.11,SNYK-PHP-SYMFONYSYMFONY-53535413914.2.11,2019-11-11 12:54:47,-106.0,-2,117,11
SNYK-PHP-SYMFONYSYMFONY-70380,1391,Composer,Cross-site Request Forgery (CSRF),M,2017-11-16,2017-12-04,2017-11-16 13:51:08,2017-11-16 13:51:08,2016-05-30 07:24:54,3.1.0,package1391version3.1.0,SNYK-PHP-SYMFONYSYMFONY-7038013913.1.0,2017-11-16 13:51:08,-535.0,0,553,18
npm:shiba:20171125,2524,npm,Cross-site Scripting (XSS),M,2017-11-25,2018-01-22,2017-11-30 15:25:14,2017-11-30 15:25:14,2017-11-28 16:59:10,1.1.1,package2524version1.1.1,npm:shiba:2017112525241.1.1,2017-11-30 15:25:14,-2.0,5,55,53
SNYK-GOLANG-GITHUBCOMKUBERNETESKUBERNETESPKGKUBELETSERVER-561504,1206,Go,Denial of Service (DoS),M,2020-03-24,2020-03-31,2020-02-07 23:12:24,2020-02-07 23:12:24,2020-01-18 23:22:33,1.16.6,package1206version1.16.6,SNYK-GOLANG-GITHUBCOMKUBERNETESKUBERNETESPKGKUBELETSERVER-56150412061.16.6,2020-02-07 23:12:24,-20.0,-46,73,53
SNYK-PHP-SYMFONYSYMFONY-70210,1391,Composer,Arbitrary Code Injection,M,2014-07-25,2014-07-25,2014-07-15 13:44:49,2014-07-15 13:44:49,2013-06-03 14:13:35,2.3.0,package1391version2.3.0,SNYK-PHP-SYMFONYSYMFONY-7021013912.3.0,2014-07-15 13:44:49,-407.0,-10,417,10
SNYK-PHP-SYMFONYSYMFONY-70381,1391,Composer,Open Redirect,M,2017-11-17,2017-12-04,2017-11-06 17:06:45,2017-11-06 17:06:45,2016-11-30 08:46:24,3.2.0,package1391version3.2.0,SNYK-PHP-SYMFONYSYMFONY-7038113913.2.0,2017-11-06 17:06:45,-341.0,-11,369,28
SNYK-JAVA-ORGAPACHEKYLIN-570207,735,Maven,Command Injection,H,2020-05-22,2020-05-22,2020-05-06 11:16:11,2020-05-06 11:16:11,2018-06-27 04:46:00,2.3.2,package735version2.3.2,SNYK-JAVA-ORGAPACHEKYLIN-5702077352.3.2,2020-05-06 11:16:11,-679.0,-16,695,16
SNYK-JAVA-ORGAPEREOCAS-468869,1601,Maven,Insecure Randomness,H,2019-09-20,2019-09-20,2019-09-17 19:49:46,2019-09-17 19:49:46,2019-09-02 05:52:00,6.1.0-RC5,package1601version6.1.0-RC5,SNYK-JAVA-ORGAPEREOCAS-46886916016.1.0-RC5,2019-09-17 19:49:46,-16.0,-3,18,3
SNYK-PHP-SYMFONYSYMFONY-174499,1391,Composer,Access Control Bypass,M,2019-04-17,2019-04-24,2019-04-06 19:17:28,2019-04-06 19:17:28,2016-05-30 07:24:54,3.1.0,package1391version3.1.0,SNYK-PHP-SYMFONYSYMFONY-17449913913.1.0,2019-04-06 19:17:28,-1041.0,-11,1059,18
SNYK-DOTNET-IDENTITYSERVER3-174430,1948,NuGet,Information Exposure,M,2018-07-25,2019-04-18,2018-07-26 06:11:18,2018-07-26 06:11:18,2017-08-01 14:16:47,2.6.1,package1948version2.6.1,SNYK-DOTNET-IDENTITYSERVER3-17443019482.6.1,2018-07-26 06:11:18,-359.0,1,625,266
SNYK-GOLANG-GITHUBCOMKUBERNETESKUBERNETESPKGVOLUMEQUOBYTE-575593,712,Go,Server Side Request Forgery (SSRF),M,2020-06-05,2020-07-10,2020-04-02 22:25:36,2020-04-02 22:25:36,2020-03-12 20:54:31,1.17.4,package712version1.17.4,SNYK-GOLANG-GITHUBCOMKUBERNETESKUBERNETESPKGVOLUMEQUOBYTE-5755937121.17.4,2020-04-02 22:25:36,-21.0,-64,120,99
SNYK-PHP-SYMFONYSYMFONY-174497,1391,Composer,Improper Input Validation,M,2019-04-24,2019-04-24,2019-04-16 06:40:48,2019-04-16 06:40:48,2018-05-30 12:52:50,4.1.0,package1391version4.1.0,SNYK-PHP-SYMFONYSYMFONY-17449713914.1.0,2019-04-16 06:40:48,-321.0,-8,329,8
npm:electron:20180123,124,npm,Directory Traversal,H,2018-01-23,2018-01-25,2018-03-15 05:23:49,2018-03-15 05:25:18,2018-01-22 22:28:51,1.7.11,package124version1.7.11,npm:electron:201801231241.7.11,2018-03-15 05:23:49,-51.0,51,3,-49
SNYK-JS-THRIFT-173705,2026,npm,Improper Access Control,M,2019-01-07,2019-02-17,2018-10-11 14:19:50,2018-10-11 14:19:50,2018-01-15 20:13:11,0.11.0,package2026version0.11.0,SNYK-JS-THRIFT-17370520260.11.0,2018-10-11 14:19:50,-269.0,-88,398,129
SNYK-JS-DOCSIFY-1066017,736,npm,Cross-site Scripting (XSS),H,2021-02-18,2021-02-18,2021-02-18 12:06:44,2021-02-18 12:06:44,2021-02-08 01:22:15,4.12.0,package736version4.12.0,SNYK-JS-DOCSIFY-10660177364.12.0,2021-02-18 12:06:44,-10.0,0,10,0
SNYK-JAVA-ORGAPACHEKYLIN-570207,735,Maven,Command Injection,H,2020-05-22,2020-05-22,2020-05-06 11:16:11,2020-05-06 11:16:11,2020-02-13 12:57:00,2.6.5,package735version2.6.5,SNYK-JAVA-ORGAPACHEKYLIN-5702077352.6.5,2020-05-06 11:16:11,-83.0,-16,99,16
SNYK-PHP-SYMFONYSYMFONY-70377,1391,Composer,Directory Traversal,H,2017-11-16,2017-12-04,2017-09-01 08:48:43,2017-09-01 08:48:43,2016-05-30 07:24:54,3.1.0,package1391version3.1.0,SNYK-PHP-SYMFONYSYMFONY-7037713913.1.0,2017-09-01 08:48:43,-459.0,-76,553,94
