snyk_id,vulnerability type,ecosystem,package,security release,repository_url,possible release note,possible changelogs,link,row,is_doc,list of sources (separated by semicolon),source,snyk version wrong listed,is_fix,How is the fix mentioned? (initial codes); separated by semicolon,fix_pattern,is_uc,is_br,how the breaking change is mentioned? (initial codes); separated by semicolon,breaking_pattern,Additional Comments,external_codes,Unnamed: 23,Unnamed: 24
SNYK-DOTNET-MICROSOFTASPNETCORESERVERIIS-451561,Open Redirect,NuGet,microsoft.aspnetcore.server.iis,2.2.6,https://github.com/aspnet/AspNetCore,https://github.com/dotnet/aspnetcore/releases/tag/v2.2.6,https://github.com/aspnet/AspNetCore/blob/master/src/Identity/samples/IdentitySample.Mvc/Views/Manage/ChangePassword.cshtml ; https://github.com/aspnet/AspNetCore/blob/master/src/Identity/UI/src/Areas/Identity/Pages/V4/Account/ConfirmEmailChange.cshtml ; https://github.com/aspnet/AspNetCore/blob/master/src/Identity/UI/src/Areas/Identity/Pages/V4/Account/Manage/ChangePassword.cshtml ; https://github.com/aspnet/AspNetCore/blob/master/src/Installers/Debian/tools/templates/debian/changelog ; https://github.com/aspnet/AspNetCore/blob/master/src/Security/samples/Identity.ExternalClaims/Pages/Account/Manage/ChangePassword.cshtml,https://snyk.io/vuln/SNYK-DOTNET-MICROSOFTASPNETCORESERVERIIS-451561,22,y,,changelog,,y,cve mention; vuln type; risk explanation; exploit; affected version,security notice;fix reference;affected version listed;vulnerability description;advisory reference;exploit;affected component listed,n,n,,,,d,,
SNYK-JAVA-ORGKEYCLOAK-569079,Improper Certificate Validation,Maven,org.keycloak:keycloak-services,10.0.0,https://github.com/keycloak/keycloak,not found through script,"https://github.com/keycloak/keycloak/blob/master/distribution/feature-packs/server-feature-pack/src/main/resources/licenses/keycloak/change-case,MIT.txt ; https://github.com/keycloak/keycloak/blob/master/distribution/feature-packs/server-feature-pack/src/main/resources/licenses/keycloak/com.webauthn4j,webauthnj4-core,0.12.0.RELEASE,Apache Software License 2.0.txt ; https://github.com/keycloak/keycloak/blob/master/distribution/feature-packs/server-feature-pack/src/main/resources/licenses/keycloak/com.webauthn4j,webauthnj4-util,0.12.0.RELEASE,Apache Software License 2.0.txt ; https://github.com/keycloak/keycloak/blob/master/distribution/feature-packs/server-feature-pack/src/main/resources/licenses/keycloak/history,MIT.txt ; https://github.com/keycloak/keycloak/blob/master/distribution/feature-packs/server-feature-pack/src/main/resources/licenses/rh-sso/change-case,MIT.txt ; https://github.com/keycloak/keycloak/blob/master/distribution/feature-packs/server-feature-pack/src/main/resources/licenses/rh-sso/com.weba",https://snyk.io/vuln/SNYK-JAVA-ORGKEYCLOAK-569079,173,y,https://www.keycloak.org/docs/latest/release_notes/index.html#keycloak-10-0-0,homepage announcement,,n,,,y,n,,,,d,,
SNYK-JAVA-ORGSPRINGFRAMEWORKSECURITY-474642,Access Restriction Bypass,Maven,org.springframework.security:spring-security-web,4.1.5.RELEASE,https://github.com/spring-projects/spring-security,not found through script,https://github.com/spring-projects/spring-security/blob/master/RELEASE.adoc,https://snyk.io/vuln/SNYK-JAVA-ORGSPRINGFRAMEWORKSECURITY-474642,176,n,,,,,,,,,,,,d,,
SNYK-JAVA-ORGSPRINGFRAMEWORKSECURITY-474642,Access Restriction Bypass,Maven,org.springframework.security:spring-security-web,4.2.4.RELEASE,https://github.com/spring-projects/spring-security,not found through script,https://github.com/spring-projects/spring-security/blob/master/RELEASE.adoc,https://snyk.io/vuln/SNYK-JAVA-ORGSPRINGFRAMEWORKSECURITY-474642,177,n,,,,,,,,,,,,d,,
SNYK-JAVA-ORGSPRINGFRAMEWORKSECURITY-474642,Access Restriction Bypass,Maven,org.springframework.security:spring-security-web,5.0.3.RELEASE,https://github.com/spring-projects/spring-security,not found through script,https://github.com/spring-projects/spring-security/blob/master/RELEASE.adoc,https://snyk.io/vuln/SNYK-JAVA-ORGSPRINGFRAMEWORKSECURITY-474642,178,n,,,,,,,,,,,,d,,
SNYK-JAVA-ORGWEBJARSNPM-479533,Cross-site Scripting (XSS),Maven,org.webjars.npm:buefy,0.7.2,https://github.com/buefy/buefy,https://github.com/buefy/buefy/releases/tag/v0.7.2,https://github.com/buefy/buefy/blob/master/CHANGELOG.md,https://snyk.io/vuln/SNYK-JAVA-ORGWEBJARSNPM-479533,188,y,,changelog,,n,,,y,n,,,,d,,
SNYK-JS-SEQUELIZE-459751,SQL Injection,npm,sequelize,5.15.1,https://github.com/sequelize/sequelize,https://github.com/sequelize/sequelize/releases/tag/v5.15.1,no changlog found in script,https://snyk.io/vuln/SNYK-JS-SEQUELIZE-459751,240,y,github release note,github release note,,y,security explicitly mentioned; commit message; PR referenced; commit referenced; mentions affected component and function; attack vector/PoC; credit,security notice;fix reference;exploit;affected component listed,n,n,,,intersting as two different patch branch had different description,d,,
SNYK-JS-SYSTEMINFORMATION-1021909,Command Injection,npm,systeminformation,4.27.11,https://github.com/sebhildebrandt/systeminformation,not found through script,https://github.com/sebhildebrandt/systeminformation/blob/master/CHANGELOG.md ; https://github.com/sebhildebrandt/systeminformation/blob/master/docs/changes.html ; https://github.com/sebhildebrandt/systeminformation/blob/master/docs/history.html ; https://github.com/sebhildebrandt/systeminformation/blob/master/docs/v4/history.html,https://snyk.io/vuln/SNYK-JS-SYSTEMINFORMATION-1021909,246,y,Changelog.MD,changelog,,y,explicit security mention; affected function; vulnerability type,security notice;vulnerability description;affected component listed,n,n,,,,d,,
SNYK-JS-TINYMCE-568922,Cross-site Scripting (XSS),npm,tinymce,5.2.2,https://github.com/tinymce/tinymce-dist,not found through script,https://github.com/tinymce/tinymce-dist/blob/master/changelog.txt,https://snyk.io/vuln/SNYK-JS-TINYMCE-568922,249,y,homepage docs; changelog.md,homepage announcement,,y,affected component; Homepage docs - explicit security mention;,security notice;fix reference;affected component listed,y,n,,,"very interesting case study; the commit involves ""critical bug"" which the releases mention a lot, are they security related?",d,,
SNYK-PHP-BOLTBOLT-597088,Improper Access Control,Composer,bolt/bolt,3.3.6,https://github.com/bolt/bolt,https://github.com/bolt/bolt/releases/tag/v3.3.6,https://github.com/bolt/bolt/blob/master/app/src/lib/ckeditor/CHANGES.md ; https://github.com/bolt/bolt/blob/master/app/src/lib/ckeditor/plugins/codesnippet/lib/highlight/CHANGES.md ; https://github.com/bolt/bolt/blob/master/app/view/js/ckeditor/plugins/codesnippet/lib/highlight/CHANGES.md ; https://github.com/bolt/bolt/blob/master/changelog.md,https://snyk.io/vuln/SNYK-PHP-BOLTBOLT-597088,265,y,,changelog,,y,security mention; summary of fix; affected component,security notice;fix reference;affected component listed,y,n,,,,d,,
SNYK-PHP-CENTREONCENTREON-472429,Cross-site Scripting (XSS),Composer,centreon/centreon,18.10.5,https://github.com/centreon/centreon,https://github.com/centreon/centreon/releases/tag/18.10.5,no changlog found in script,https://snyk.io/vuln/SNYK-PHP-CENTREONCENTREON-472429,266,y,,github release note,,n,,,y,n,,,interesting it mentions four security fixes but does not mention any of the four with CVE mentioned in the release log,d,,
SNYK-PHP-CENTREONCENTREON-472429,Cross-site Scripting (XSS),Composer,centreon/centreon,2.8.28,https://github.com/centreon/centreon,https://github.com/centreon/centreon/releases/tag/2.8.28,no changlog found in script,https://snyk.io/vuln/SNYK-PHP-CENTREONCENTREON-472429,267,y,,github release note,,n,,,y,n,,,,d,,
SNYK-PHP-EZYANGHTMLPURIFIER-72371,Cross-site Scripting (XSS),Composer,ezyang/htmlpurifier,4.1.1,https://github.com/ezyang/htmlpurifier,not found through script,https://github.com/ezyang/htmlpurifier/blob/master/NEWS ; https://github.com/ezyang/htmlpurifier/blob/master/plugins/phorum/Changelog ; https://github.com/ezyang/htmlpurifier/blob/master/update-for-release,https://snyk.io/vuln/SNYK-PHP-EZYANGHTMLPURIFIER-72371,271,y,,changelog,,n,,,y,n,,,,d,,
SNYK-PHP-MAGENTOCOMMUNITYEDITION-174043,Remote Code Execution (RCE),Composer,magento/community-edition,2.1.17,https://github.com/magento/magento2,https://github.com/magento/magento2/releases/tag/2.1.17,https://github.com/magento/magento2/blob/master/app/code/Magento/Customer/view/adminhtml/templates/tab/newsletter.phtml ; https://github.com/magento/magento2/blob/master/app/code/Magento/Customer/view/frontend/email/change_email_and_password.html ; https://github.com/magento/magento2/blob/master/app/code/Magento/Customer/view/frontend/email/change_email.html ; https://github.com/magento/magento2/blob/master/app/code/Magento/Customer/view/frontend/templates/form/newsletter.phtml ; https://github.com/magento/magento2/blob/master/app/code/Magento/Integration/view/adminhtml/templates/integration/tokens_exchange.phtml ; https://github.com/magento/magento2/blob/master/app/code/Magento/Newsletter/view/frontend/templates/form/register/newsletter.phtml ; https://github.com/magento/magento2/blob/master/app/code/Magento/Sales/view/adminhtml/templates/order/view/history.phtml ; https://github.com/magento/magento2/blob/master/app/code/Magento/Sales/view/adminhtml/templates/order/view/tab/history.phtml ; https://github.com,https://snyk.io/vuln/SNYK-PHP-MAGENTOCOMMUNITYEDITION-174043,278,y,,homepage announcement,,y,,vulnerability description;affected version listed,y,n,,,release note not there because the branch is unsupported at this point; https://magento.com/security/patches/magento-2.3.2-2.2.9-and-2.1.18-security-update-13,d,,
SNYK-PHP-MAGENTOCOMMUNITYEDITION-174043,Remote Code Execution (RCE),Composer,magento/community-edition,2.2.8,https://github.com/magento/magento2,https://github.com/magento/magento2/releases/tag/2.2.8,https://github.com/magento/magento2/blob/master/app/code/Magento/Customer/view/adminhtml/templates/tab/newsletter.phtml ; https://github.com/magento/magento2/blob/master/app/code/Magento/Customer/view/frontend/email/change_email_and_password.html ; https://github.com/magento/magento2/blob/master/app/code/Magento/Customer/view/frontend/email/change_email.html ; https://github.com/magento/magento2/blob/master/app/code/Magento/Customer/view/frontend/templates/form/newsletter.phtml ; https://github.com/magento/magento2/blob/master/app/code/Magento/Integration/view/adminhtml/templates/integration/tokens_exchange.phtml ; https://github.com/magento/magento2/blob/master/app/code/Magento/Newsletter/view/frontend/templates/form/register/newsletter.phtml ; https://github.com/magento/magento2/blob/master/app/code/Magento/Sales/view/adminhtml/templates/order/view/history.phtml ; https://github.com/magento/magento2/blob/master/app/code/Magento/Sales/view/adminhtml/templates/order/view/tab/history.phtml ; https://github.com,https://snyk.io/vuln/SNYK-PHP-MAGENTOCOMMUNITYEDITION-174043,279,y,https://devdocs.magento.com/guides/v2.2/release-notes/ReleaseNotes2.2.8CE.html,homepage announcement,,y,security; vuln type; severity; attack description; summary of risk/threat; patch availability; pathced version branch,security notice;fix reference;exploit;affected version listed,y,n,,,"critical vulnerability without a CVE; actually the vulnerability has a CVE  - https://nvd.nist.gov/vuln/detail/CVE-2019-7877, 2.2.9 also mention about the fix. NVD lists 2.2.9",d,,
SNYK-PHP-MAGENTOCOMMUNITYEDITION-174043,Remote Code Execution (RCE),Composer,magento/community-edition,2.3.1,https://github.com/magento/magento2,https://github.com/magento/magento2/releases/tag/2.3.1,https://github.com/magento/magento2/blob/master/app/code/Magento/Customer/view/adminhtml/templates/tab/newsletter.phtml ; https://github.com/magento/magento2/blob/master/app/code/Magento/Customer/view/frontend/email/change_email_and_password.html ; https://github.com/magento/magento2/blob/master/app/code/Magento/Customer/view/frontend/email/change_email.html ; https://github.com/magento/magento2/blob/master/app/code/Magento/Customer/view/frontend/templates/form/newsletter.phtml ; https://github.com/magento/magento2/blob/master/app/code/Magento/Integration/view/adminhtml/templates/integration/tokens_exchange.phtml ; https://github.com/magento/magento2/blob/master/app/code/Magento/Newsletter/view/frontend/templates/form/register/newsletter.phtml ; https://github.com/magento/magento2/blob/master/app/code/Magento/Sales/view/adminhtml/templates/order/view/history.phtml ; https://github.com/magento/magento2/blob/master/app/code/Magento/Sales/view/adminhtml/templates/order/view/tab/history.phtml ; https://github.com,https://snyk.io/vuln/SNYK-PHP-MAGENTOCOMMUNITYEDITION-174043,280,y,https://devdocs.magento.com/guides/v2.3/release-notes/ReleaseNotes2.3.1Commerce.html,homepage announcement,,y,security; vuln type; severity; attack description; summary of risk/threat; patch availability,security notice;fix reference;exploit;affected version listed,y,n,,,,d,,
SNYK-PHP-MAGENTOCOMMUNITYEDITION-174048,Remote Code Execution,Composer,magento/community-edition,2.1.17,https://github.com/magento/magento2,https://github.com/magento/magento2/releases/tag/2.1.17,https://github.com/magento/magento2/blob/master/app/code/Magento/Customer/view/adminhtml/templates/tab/newsletter.phtml ; https://github.com/magento/magento2/blob/master/app/code/Magento/Customer/view/frontend/email/change_email_and_password.html ; https://github.com/magento/magento2/blob/master/app/code/Magento/Customer/view/frontend/email/change_email.html ; https://github.com/magento/magento2/blob/master/app/code/Magento/Customer/view/frontend/templates/form/newsletter.phtml ; https://github.com/magento/magento2/blob/master/app/code/Magento/Integration/view/adminhtml/templates/integration/tokens_exchange.phtml ; https://github.com/magento/magento2/blob/master/app/code/Magento/Newsletter/view/frontend/templates/form/register/newsletter.phtml ; https://github.com/magento/magento2/blob/master/app/code/Magento/Sales/view/adminhtml/templates/order/view/history.phtml ; https://github.com/magento/magento2/blob/master/app/code/Magento/Sales/view/adminhtml/templates/order/view/tab/history.phtml ; https://github.com,https://snyk.io/vuln/SNYK-PHP-MAGENTOCOMMUNITYEDITION-174048,281,y,,homepage announcement,,y,,vulnerability description;affected version listed,y,n,,,,d,,
SNYK-PHP-MAGENTOCOMMUNITYEDITION-174048,Remote Code Execution,Composer,magento/community-edition,2.2.8,https://github.com/magento/magento2,https://github.com/magento/magento2/releases/tag/2.2.8,https://github.com/magento/magento2/blob/master/app/code/Magento/Customer/view/adminhtml/templates/tab/newsletter.phtml ; https://github.com/magento/magento2/blob/master/app/code/Magento/Customer/view/frontend/email/change_email_and_password.html ; https://github.com/magento/magento2/blob/master/app/code/Magento/Customer/view/frontend/email/change_email.html ; https://github.com/magento/magento2/blob/master/app/code/Magento/Customer/view/frontend/templates/form/newsletter.phtml ; https://github.com/magento/magento2/blob/master/app/code/Magento/Integration/view/adminhtml/templates/integration/tokens_exchange.phtml ; https://github.com/magento/magento2/blob/master/app/code/Magento/Newsletter/view/frontend/templates/form/register/newsletter.phtml ; https://github.com/magento/magento2/blob/master/app/code/Magento/Sales/view/adminhtml/templates/order/view/history.phtml ; https://github.com/magento/magento2/blob/master/app/code/Magento/Sales/view/adminhtml/templates/order/view/tab/history.phtml ; https://github.com,https://snyk.io/vuln/SNYK-PHP-MAGENTOCOMMUNITYEDITION-174048,282,y,https://devdocs.magento.com/guides/v2.2/release-notes/ReleaseNotes2.2.8CE.html,homepage announcement,,y,security; vuln type; severity; attack description; summary of risk/threat; patch availability; pathced version branch,security notice;fix reference;exploit;affected version listed,y,n,,,,d,,
SNYK-PHP-MAGENTOCOMMUNITYEDITION-174048,Remote Code Execution,Composer,magento/community-edition,2.3.1,https://github.com/magento/magento2,https://github.com/magento/magento2/releases/tag/2.3.1,https://github.com/magento/magento2/blob/master/app/code/Magento/Customer/view/adminhtml/templates/tab/newsletter.phtml ; https://github.com/magento/magento2/blob/master/app/code/Magento/Customer/view/frontend/email/change_email_and_password.html ; https://github.com/magento/magento2/blob/master/app/code/Magento/Customer/view/frontend/email/change_email.html ; https://github.com/magento/magento2/blob/master/app/code/Magento/Customer/view/frontend/templates/form/newsletter.phtml ; https://github.com/magento/magento2/blob/master/app/code/Magento/Integration/view/adminhtml/templates/integration/tokens_exchange.phtml ; https://github.com/magento/magento2/blob/master/app/code/Magento/Newsletter/view/frontend/templates/form/register/newsletter.phtml ; https://github.com/magento/magento2/blob/master/app/code/Magento/Sales/view/adminhtml/templates/order/view/history.phtml ; https://github.com/magento/magento2/blob/master/app/code/Magento/Sales/view/adminhtml/templates/order/view/tab/history.phtml ; https://github.com,https://snyk.io/vuln/SNYK-PHP-MAGENTOCOMMUNITYEDITION-174048,283,y,https://devdocs.magento.com/guides/v2.3/release-notes/ReleaseNotes2.3.1Commerce.html,homepage announcement,,y,security; vuln type; severity; attack description; summary of risk/threat; patch availability,security notice;fix reference;exploit;affected version listed,y,n,,,,d,,
SNYK-PHP-MAGENTOCOMMUNITYEDITION-174066,Cross-site Scripting (XSS),Composer,magento/community-edition,2.1.17,https://github.com/magento/magento2,https://github.com/magento/magento2/releases/tag/2.1.17,https://github.com/magento/magento2/blob/master/app/code/Magento/Customer/view/adminhtml/templates/tab/newsletter.phtml ; https://github.com/magento/magento2/blob/master/app/code/Magento/Customer/view/frontend/email/change_email_and_password.html ; https://github.com/magento/magento2/blob/master/app/code/Magento/Customer/view/frontend/email/change_email.html ; https://github.com/magento/magento2/blob/master/app/code/Magento/Customer/view/frontend/templates/form/newsletter.phtml ; https://github.com/magento/magento2/blob/master/app/code/Magento/Integration/view/adminhtml/templates/integration/tokens_exchange.phtml ; https://github.com/magento/magento2/blob/master/app/code/Magento/Newsletter/view/frontend/templates/form/register/newsletter.phtml ; https://github.com/magento/magento2/blob/master/app/code/Magento/Sales/view/adminhtml/templates/order/view/history.phtml ; https://github.com/magento/magento2/blob/master/app/code/Magento/Sales/view/adminhtml/templates/order/view/tab/history.phtml ; https://github.com,https://snyk.io/vuln/SNYK-PHP-MAGENTOCOMMUNITYEDITION-174066,284,y,,homepage announcement,,y,,vulnerability description;affected version listed,y,n,,,,d,,
SNYK-PHP-MAGENTOCOMMUNITYEDITION-174066,Cross-site Scripting (XSS),Composer,magento/community-edition,2.2.8,https://github.com/magento/magento2,https://github.com/magento/magento2/releases/tag/2.2.8,https://github.com/magento/magento2/blob/master/app/code/Magento/Customer/view/adminhtml/templates/tab/newsletter.phtml ; https://github.com/magento/magento2/blob/master/app/code/Magento/Customer/view/frontend/email/change_email_and_password.html ; https://github.com/magento/magento2/blob/master/app/code/Magento/Customer/view/frontend/email/change_email.html ; https://github.com/magento/magento2/blob/master/app/code/Magento/Customer/view/frontend/templates/form/newsletter.phtml ; https://github.com/magento/magento2/blob/master/app/code/Magento/Integration/view/adminhtml/templates/integration/tokens_exchange.phtml ; https://github.com/magento/magento2/blob/master/app/code/Magento/Newsletter/view/frontend/templates/form/register/newsletter.phtml ; https://github.com/magento/magento2/blob/master/app/code/Magento/Sales/view/adminhtml/templates/order/view/history.phtml ; https://github.com/magento/magento2/blob/master/app/code/Magento/Sales/view/adminhtml/templates/order/view/tab/history.phtml ; https://github.com,https://snyk.io/vuln/SNYK-PHP-MAGENTOCOMMUNITYEDITION-174066,285,y,https://devdocs.magento.com/guides/v2.2/release-notes/ReleaseNotes2.2.8CE.html,homepage announcement,,y,security; vuln type; severity; attack description; summary of risk/threat; patch availability; pathced version branch,security notice;fix reference;exploit;affected version listed,y,n,,,,d,,
SNYK-PHP-MAGENTOCOMMUNITYEDITION-174066,Cross-site Scripting (XSS),Composer,magento/community-edition,2.3.1,https://github.com/magento/magento2,https://github.com/magento/magento2/releases/tag/2.3.1,https://github.com/magento/magento2/blob/master/app/code/Magento/Customer/view/adminhtml/templates/tab/newsletter.phtml ; https://github.com/magento/magento2/blob/master/app/code/Magento/Customer/view/frontend/email/change_email_and_password.html ; https://github.com/magento/magento2/blob/master/app/code/Magento/Customer/view/frontend/email/change_email.html ; https://github.com/magento/magento2/blob/master/app/code/Magento/Customer/view/frontend/templates/form/newsletter.phtml ; https://github.com/magento/magento2/blob/master/app/code/Magento/Integration/view/adminhtml/templates/integration/tokens_exchange.phtml ; https://github.com/magento/magento2/blob/master/app/code/Magento/Newsletter/view/frontend/templates/form/register/newsletter.phtml ; https://github.com/magento/magento2/blob/master/app/code/Magento/Sales/view/adminhtml/templates/order/view/history.phtml ; https://github.com/magento/magento2/blob/master/app/code/Magento/Sales/view/adminhtml/templates/order/view/tab/history.phtml ; https://github.com,https://snyk.io/vuln/SNYK-PHP-MAGENTOCOMMUNITYEDITION-174066,286,y,https://devdocs.magento.com/guides/v2.3/release-notes/ReleaseNotes2.3.1Commerce.html,homepage announcement,,y,security; vuln type; severity; attack description; summary of risk/threat; patch availability,security notice;fix reference;exploit;affected version listed,y,n,,,,d,,
SNYK-PHP-SYLIUSRESOURCEBUNDLE-598865,Remote Code Execution (RCE),Composer,sylius/resource-bundle,1.3.14,https://github.com/Sylius/SyliusResourceBundle,https://github.com/Sylius/SyliusResourceBundle/releases/tag/v1.3.14,https://github.com/Sylius/SyliusResourceBundle/blob/master/CHANGELOG.md,https://snyk.io/vuln/SNYK-PHP-SYLIUSRESOURCEBUNDLE-598865,333,y,,changelog,,y,security mention; cve mention; vuln type; affected component,security notice;vulnerability description;advisory reference;affected component listed,y,n,,,,d,"Aniqa said is_uc =y, Nasif said no.",
SNYK-PHP-SYLIUSRESOURCEBUNDLE-598865,Remote Code Execution (RCE),Composer,sylius/resource-bundle,1.4.7,https://github.com/Sylius/SyliusResourceBundle,https://github.com/Sylius/SyliusResourceBundle/releases/tag/v1.4.7,https://github.com/Sylius/SyliusResourceBundle/blob/master/CHANGELOG.md,https://snyk.io/vuln/SNYK-PHP-SYLIUSRESOURCEBUNDLE-598865,334,y,,changelog,,y,security mention; cve mention; vuln type; affected component,security notice;vulnerability description;advisory reference;affected component listed,y,n,,,,d,"Aniqa said is_uc =y, Nasif said no.",
SNYK-PHP-SYLIUSRESOURCEBUNDLE-598865,Remote Code Execution (RCE),Composer,sylius/resource-bundle,1.5.2,https://github.com/Sylius/SyliusResourceBundle,https://github.com/Sylius/SyliusResourceBundle/releases/tag/v1.5.2,https://github.com/Sylius/SyliusResourceBundle/blob/master/CHANGELOG.md,https://snyk.io/vuln/SNYK-PHP-SYLIUSRESOURCEBUNDLE-598865,335,y,,changelog,,y,security mention; cve mention; vuln type; affected component,security notice;vulnerability description;advisory reference;affected component listed,y,n,,,,d,"Aniqa said is_uc =y, Nasif said no.",
SNYK-PHP-SYLIUSRESOURCEBUNDLE-598865,Remote Code Execution (RCE),Composer,sylius/resource-bundle,1.6.4,https://github.com/Sylius/SyliusResourceBundle,https://github.com/Sylius/SyliusResourceBundle/releases/tag/v1.6.4,https://github.com/Sylius/SyliusResourceBundle/blob/master/CHANGELOG.md,https://snyk.io/vuln/SNYK-PHP-SYLIUSRESOURCEBUNDLE-598865,336,y,,changelog,,y,security mention; cve mention; vuln type; affected component,security notice;vulnerability description;advisory reference;affected component listed,y,n,,,,d,"Aniqa said is_uc =y, Nasif said no.",
SNYK-PHP-SYMFONYHTTPFOUNDATION-72253,Access Restriction Bypass,Composer,symfony/http-foundation,2.7.49,https://github.com/symfony/http-foundation,not found through script,https://github.com/symfony/http-foundation/blob/master/CHANGELOG.md,https://snyk.io/vuln/SNYK-PHP-SYMFONYHTTPFOUNDATION-72253,337,,,github release note,,,security release,security notice,n,n,,,not in release feature,d,The release note does not have any information,
SNYK-PHP-SYMFONYHTTPFOUNDATION-72253,Access Restriction Bypass,Composer,symfony/http-foundation,2.8.44,https://github.com/symfony/http-foundation,not found through script,https://github.com/symfony/http-foundation/blob/master/CHANGELOG.md,https://snyk.io/vuln/SNYK-PHP-SYMFONYHTTPFOUNDATION-72253,338,,,github release note,,,security release,security notice,n,n,,,,d,The release note does not have any information,
SNYK-PHP-SYMFONYHTTPFOUNDATION-72253,Access Restriction Bypass,Composer,symfony/http-foundation,3.3.18,https://github.com/symfony/http-foundation,not found through script,https://github.com/symfony/http-foundation/blob/master/CHANGELOG.md,https://snyk.io/vuln/SNYK-PHP-SYMFONYHTTPFOUNDATION-72253,339,,,github release note,,,security release,security notice,n,n,,,,d,The release note does not have any information,
SNYK-PHP-SYMFONYHTTPFOUNDATION-72253,Access Restriction Bypass,Composer,symfony/http-foundation,3.4.14,https://github.com/symfony/http-foundation,not found through script,https://github.com/symfony/http-foundation/blob/master/CHANGELOG.md,https://snyk.io/vuln/SNYK-PHP-SYMFONYHTTPFOUNDATION-72253,340,,,github release note,,,security release,security notice,n,n,,,,d,The release note does not have any information,
SNYK-PHP-SYMFONYHTTPFOUNDATION-72253,Access Restriction Bypass,Composer,symfony/http-foundation,4.0.14,https://github.com/symfony/http-foundation,not found through script,https://github.com/symfony/http-foundation/blob/master/CHANGELOG.md,https://snyk.io/vuln/SNYK-PHP-SYMFONYHTTPFOUNDATION-72253,341,,,github release note,,,security release,security notice,n,n,,,,d,The release note does not have any information,
SNYK-PHP-SYMFONYMIME-535379,Arbitrary Code Execution,Composer,symfony/mime,4.3.8,https://github.com/symfony/mime,not found through script,https://github.com/symfony/mime/blob/master/CHANGELOG.md,https://snyk.io/vuln/SNYK-PHP-SYMFONYMIME-535379,343,,,github release note,,,security release,security notice,n,n,,,,d,The release note does not have any information,
SNYK-PHP-SYMFONYSYMFONY-535350,Timing Attack,Composer,symfony/symfony,2.8.52,https://github.com/symfony/symfony,https://github.com/symfony/symfony/releases/tag/v2.8.52,https://github.com/symfony/symfony/blob/master/CHANGELOG-5.0.md ; https://github.com/symfony/symfony/blob/master/CHANGELOG-5.1.md ; https://github.com/symfony/symfony/blob/master/CHANGELOG-5.2.md ; https://github.com/symfony/symfony/blob/master/src/Symfony/Bridge/Doctrine/CHANGELOG.md ; https://github.com/symfony/symfony/blob/master/src/Symfony/Bridge/Monolog/CHANGELOG.md ; https://github.com/symfony/symfony/blob/master/src/Symfony/Bridge/PhpUnit/CHANGELOG.md ; https://github.com/symfony/symfony/blob/master/src/Symfony/Bridge/ProxyManager/CHANGELOG.md ; https://github.com/symfony/symfony/blob/master/src/Symfony/Bridge/Twig/CHANGELOG.md ; https://github.com/symfony/symfony/blob/master/src/Symfony/Bundle/DebugBundle/CHANGELOG.md ; https://github.com/symfony/symfony/blob/master/src/Symfony/Bundle/FrameworkBundle/CHANGELOG.md ; https://github.com/symfony/symfony/blob/master/src/Symfony/Bundle/SecurityBundle/CHANGELOG.md ; https://github.com/symfony/symfony/blob/master/src/Symfony/Bundle/TwigBundle/CHANGELOG.md ;,https://snyk.io/vuln/SNYK-PHP-SYMFONYSYMFONY-535350,344,y,,github release note,,y,security tag; fix summary; cve mention; affected component;,security notice;fix reference;advisory reference;affected component listed,y,n,,,,d,The release note does not have any information,
SNYK-PYTHON-APACHEAIRFLOW-174175,Cross-site Request Forgery (CSRF),pip,apache-airflow,1.10.3,https://github.com/apache/airflow,https://github.com/apache/airflow/releases/tag/1.10.3,https://github.com/apache/airflow/blob/master/airflow/providers/airbyte/CHANGELOG.rst ; https://github.com/apache/airflow/blob/master/airflow/providers/amazon/CHANGELOG.rst ; https://github.com/apache/airflow/blob/master/airflow/providers/apache/beam/CHANGELOG.rst ; https://github.com/apache/airflow/blob/master/airflow/providers/apache/cassandra/CHANGELOG.rst ; https://github.com/apache/airflow/blob/master/airflow/providers/apache/druid/CHANGELOG.rst ; https://github.com/apache/airflow/blob/master/airflow/providers/apache/hdfs/CHANGELOG.rst ; https://github.com/apache/airflow/blob/master/airflow/providers/apache/hive/CHANGELOG.rst ; https://github.com/apache/airflow/blob/master/airflow/providers/apache/kylin/CHANGELOG.rst ; https://github.com/apache/airflow/blob/master/airflow/providers/apache/livy/CHANGELOG.rst ; https://github.com/apache/airflow/blob/master/airflow/providers/apache/pig/CHANGELOG.rst ; https://github.com/apache/airflow/blob/master/airflow/providers/apache/pinot/CHANGELOG.rst ; https://github,https://snyk.io/vuln/SNYK-PYTHON-APACHEAIRFLOW-174175,363,y,github release note,github release note,,y,,fix reference;advisory reference,y,n,,,,d,Did a keyword search to find the related fix,
SNYK-PYTHON-DJANGO-40779,Regular Expression Denial of Service (ReDoS),pip,django,1.11.11,https://github.com/django/django,not found through script,https://github.com/django/django/blob/master/django/contrib/admin/templates/admin/auth/user/change_password.html ; https://github.com/django/django/blob/master/django/contrib/admin/templates/admin/change_form_object_tools.html ; https://github.com/django/django/blob/master/django/contrib/admin/templates/admin/change_form.html ; https://github.com/django/django/blob/master/django/contrib/admin/templates/admin/change_list_object_tools.html ; https://github.com/django/django/blob/master/django/contrib/admin/templates/admin/change_list_results.html ; https://github.com/django/django/blob/master/django/contrib/admin/templates/admin/change_list.html ; https://github.com/django/django/blob/master/django/contrib/admin/templates/admin/object_history.html ; https://github.com/django/django/blob/master/django/contrib/admin/templates/registration/password_change_done.html ; https://github.com/django/django/blob/master/django/contrib/admin/templates/registration/password_change_form.html ; https://github.com/django/django,https://snyk.io/vuln/SNYK-PYTHON-DJANGO-40779,377,y,mailing list; homepage; https://docs.djangoproject.com/en/3.2/releases/1.11.11/,homepage announcement,,y,security notice; cve mentioned; affected api; vuln type;,security notice;vulnerability description;advisory reference;affected component listed,y,n,,,,d,,
SNYK-PYTHON-DJANGO-40779,Regular Expression Denial of Service (ReDoS),pip,django,1.8.19,https://github.com/django/django,not found through script,https://github.com/django/django/blob/master/django/contrib/admin/templates/admin/auth/user/change_password.html ; https://github.com/django/django/blob/master/django/contrib/admin/templates/admin/change_form_object_tools.html ; https://github.com/django/django/blob/master/django/contrib/admin/templates/admin/change_form.html ; https://github.com/django/django/blob/master/django/contrib/admin/templates/admin/change_list_object_tools.html ; https://github.com/django/django/blob/master/django/contrib/admin/templates/admin/change_list_results.html ; https://github.com/django/django/blob/master/django/contrib/admin/templates/admin/change_list.html ; https://github.com/django/django/blob/master/django/contrib/admin/templates/admin/object_history.html ; https://github.com/django/django/blob/master/django/contrib/admin/templates/registration/password_change_done.html ; https://github.com/django/django/blob/master/django/contrib/admin/templates/registration/password_change_form.html ; https://github.com/django/django,https://snyk.io/vuln/SNYK-PYTHON-DJANGO-40779,378,y,mailing list; homepage,homepage announcement,,y,security notice; cve mentioned; affected api; vuln type;,security notice;vulnerability description;advisory reference;affected component listed,y,n,,,,d,,
SNYK-PYTHON-DJANGO-40779,Regular Expression Denial of Service (ReDoS),pip,django,2.0.3,https://github.com/django/django,not found through script,https://github.com/django/django/blob/master/django/contrib/admin/templates/admin/auth/user/change_password.html ; https://github.com/django/django/blob/master/django/contrib/admin/templates/admin/change_form_object_tools.html ; https://github.com/django/django/blob/master/django/contrib/admin/templates/admin/change_form.html ; https://github.com/django/django/blob/master/django/contrib/admin/templates/admin/change_list_object_tools.html ; https://github.com/django/django/blob/master/django/contrib/admin/templates/admin/change_list_results.html ; https://github.com/django/django/blob/master/django/contrib/admin/templates/admin/change_list.html ; https://github.com/django/django/blob/master/django/contrib/admin/templates/admin/object_history.html ; https://github.com/django/django/blob/master/django/contrib/admin/templates/registration/password_change_done.html ; https://github.com/django/django/blob/master/django/contrib/admin/templates/registration/password_change_form.html ; https://github.com/django/django,https://snyk.io/vuln/SNYK-PYTHON-DJANGO-40779,379,y,mailing list; homepage,homepage announcement,,y,security notice; cve mentioned; affected api; vuln type;,security notice;vulnerability description;advisory reference;affected component listed,y,n,,,,d,,
SNYK-PYTHON-DJANGOREQUESTLOGGING-450915,Information Exposure,pip,django-request-logging,0.6.9,https://github.com/Rhumbix/django-request-logging,not found through script,no changlog found in script,https://snyk.io/vuln/SNYK-PYTHON-DJANGOREQUESTLOGGING-450915,383,y,,github release note,,y,,fix reference,y,n,,,,d,is_doc y vs n,
SNYK-PYTHON-PYRADIOMICS-42174,Arbitrary Code Injection,pip,pyradiomics,1.1.1,https://github.com/Radiomics/pyradiomics,https://github.com/AIM-Harvard/pyradiomics/releases/tag/1.1.1,https://github.com/Radiomics/pyradiomics/blob/master/CHANGES.rst ; https://github.com/Radiomics/pyradiomics/blob/master/docs/changes.rst,https://snyk.io/vuln/SNYK-PYTHON-PYRADIOMICS-42174,401,y,github release note; changelog,changelog,,y,"sumary of fix, PR",fix reference,y,n,,,,d,"Breaking change codes is not there in Nasif, but it says Y",
SNYK-RUBY-LODASHRAILS-559448,Prototype Pollution,RubyGems,lodash-rails,4.17.11,https://github.com/lodash/lodash,not found through script,https://github.com/lodash/lodash/blob/master/CHANGELOG,https://snyk.io/vuln/SNYK-RUBY-LODASHRAILS-559448,438,y,,changelog,,y,,fix reference;affected component listed,y,n,,,changelog in wiki,d,Nasif could not find the changelog?,
SNYK-RUBY-REDPARQUET-483028,Use of Uninitialized Variable,RubyGems,red-parquet,0.15.1,https://github.com/apache/arrow,not found through script,https://github.com/apache/arrow/blob/master/CHANGELOG.md ; https://github.com/apache/arrow/blob/master/cpp/CHANGELOG_PARQUET.md ; https://github.com/apache/arrow/blob/master/dev/tasks/linux-packages/apache-arrow-apt-source/debian/changelog ; https://github.com/apache/arrow/blob/master/dev/tasks/linux-packages/apache-arrow/debian/changelog ; https://github.com/apache/arrow/blob/master/java/api-changes.md ; https://github.com/apache/arrow/blob/master/r/NEWS.md ; https://github.com/apache/arrow/blob/master/rust/ballista/docs/release-process.md,https://snyk.io/vuln/SNYK-RUBY-REDPARQUET-483028,455,y,,changelog,,y,,fix reference,y,n,,,automatically genrated?,d,The issue number is listed,
SNYK-RUBY-RUBYGEMSUPDATE-598864,Arbitrary Code Injection,RubyGems,rubygems-update,3.0.2,https://github.com/rubygems/rubygems,not found through script,https://github.com/rubygems/rubygems/blob/master/bundler/CHANGELOG.md ; https://github.com/rubygems/rubygems/blob/master/bundler/doc/playbooks/TEAM_CHANGES.md ; https://github.com/rubygems/rubygems/blob/master/CHANGELOG.md,https://snyk.io/vuln/SNYK-RUBY-RUBYGEMSUPDATE-598864,457,y,,changelog,,y,,vulnerability description;fix reference,y,n,,,,d,,
SNYK-RUBY-SECUREHEADERS-543239,Command Injection,RubyGems,secure_headers,3.8.0,https://github.com/twitter/secureheaders,not found through script,https://github.com/twitter/secureheaders/blob/master/CHANGELOG.md,https://snyk.io/vuln/SNYK-RUBY-SECUREHEADERS-543239,460,n,,changelog,,,vuln type,vulnerability description,n,n,,,,d,no notes for this version,
SNYK-RUBY-SECUREHEADERS-543239,Command Injection,RubyGems,secure_headers,6.2.0,https://github.com/twitter/secureheaders,not found through script,https://github.com/twitter/secureheaders/blob/master/CHANGELOG.md,https://snyk.io/vuln/SNYK-RUBY-SECUREHEADERS-543239,462,y,,changelog,,y,,fix reference,n,n,,,releases in the old branch did not have a releas enote,d,,
SNYK-DOTNET-FAVICOJS-60151,Cross-site Scripting (XSS),NuGet,favico.js,0.3.10,https://github.com/ejci/favico.js,not found through script,no changlog found in script,https://snyk.io/vuln/SNYK-DOTNET-FAVICOJS-60151,482,y,readme,changelog,,n,,,y,n,,,,d,is_doc is empty in process-frozen-nasif,
SNYK-DOTNET-KNOCKOUT-60180,Cross-site Scripting (XSS),NuGet,knockout,3.0.0,https://github.com/knockout/knockout,https://github.com/knockout/knockout/releases/tag/v3.0.0,no changlog found in script,https://snyk.io/vuln/SNYK-DOTNET-KNOCKOUT-60180,483,y,https://knockoutjs.com/upgrade-notes/v3.0.0.html,homepage announcement,,n,,,y,y,warning; action required,breaking change notice;action required,,d,is_doc is empty in process-frozen-nasif,
SNYK-DOTNET-RESTIFY-60207,Cross-site Scripting (XSS),NuGet,restify,4.1.0,https://github.com/restify/node-restify,not found through script,https://github.com/restify/node-restify/blob/master,https://snyk.io/vuln/SNYK-DOTNET-RESTIFY-60207,487,y,,changelog,,n,,,n,n,,,,d,"has a changelog, but fix not mentioned",
