snyk_id,vulnerability type,ecosystem,package,security release,repository_url,possible release note,possible changelogs,link,is_doc,list of sources (separated by semicolon),source,snyk version wrong listed,is_fix,How is the fix mentioned? (initial codes); separated by semicolon,fix_pattern,is_uc,is_br,how the breaking change is mentioned? (initial codes); separated by semicolon,breaking_pattern,Additional Comments,row,external_codes,,
SNYK-PHP-MAGENTOCOMMUNITYEDITION-174067,Cross-site Scripting (XSS),Composer,magento/community-edition,2.1.17,https://github.com/magento/magento2,https://github.com/magento/magento2/releases/tag/2.1.17,https://github.com/magento/magento2/blob/master/app/code/Magento/Customer/view/adminhtml/templates/tab/newsletter.phtml ; https://github.com/magento/magento2/blob/master/app/code/Magento/Customer/view/frontend/email/change_email_and_password.html ; https://github.com/magento/magento2/blob/master/app/code/Magento/Customer/view/frontend/email/change_email.html ; https://github.com/magento/magento2/blob/master/app/code/Magento/Customer/view/frontend/templates/form/newsletter.phtml ; https://github.com/magento/magento2/blob/master/app/code/Magento/Integration/view/adminhtml/templates/integration/tokens_exchange.phtml ; https://github.com/magento/magento2/blob/master/app/code/Magento/Newsletter/view/frontend/templates/form/register/newsletter.phtml ; https://github.com/magento/magento2/blob/master/app/code/Magento/Sales/view/adminhtml/templates/order/view/history.phtml ; https://github.com/magento/magento2/blob/master/app/code/Magento/Sales/view/adminhtml/templates/order/view/tab/history.phtml ; https://github.com,https://snyk.io/vuln/SNYK-PHP-MAGENTOCOMMUNITYEDITION-174067,n,,,,n,,,n,n,,,,287,y,"The security update notice for 2.1.17, 2.2.8 and 2.3.1 are the same",https://magento.com/security/patches/magento-2.3.1-2.2.8-and-2.1.17-security-update
SNYK-PHP-MAGENTOCOMMUNITYEDITION-174067,Cross-site Scripting (XSS),Composer,magento/community-edition,2.2.8,https://github.com/magento/magento2,https://github.com/magento/magento2/releases/tag/2.2.8,https://github.com/magento/magento2/blob/master/app/code/Magento/Customer/view/adminhtml/templates/tab/newsletter.phtml ; https://github.com/magento/magento2/blob/master/app/code/Magento/Customer/view/frontend/email/change_email_and_password.html ; https://github.com/magento/magento2/blob/master/app/code/Magento/Customer/view/frontend/email/change_email.html ; https://github.com/magento/magento2/blob/master/app/code/Magento/Customer/view/frontend/templates/form/newsletter.phtml ; https://github.com/magento/magento2/blob/master/app/code/Magento/Integration/view/adminhtml/templates/integration/tokens_exchange.phtml ; https://github.com/magento/magento2/blob/master/app/code/Magento/Newsletter/view/frontend/templates/form/register/newsletter.phtml ; https://github.com/magento/magento2/blob/master/app/code/Magento/Sales/view/adminhtml/templates/order/view/history.phtml ; https://github.com/magento/magento2/blob/master/app/code/Magento/Sales/view/adminhtml/templates/order/view/tab/history.phtml ; https://github.com,https://snyk.io/vuln/SNYK-PHP-MAGENTOCOMMUNITYEDITION-174067,y,https://devdocs.magento.com/guides/v2.2/release-notes/ReleaseNotes2.2.8CE.html,homepage announcement,,y,security; vuln type; severity; attack description; summary of risk/threat; patch availability; pathced version branch,security notice;vulnerability description;exploit;affected version listed,y,n,,,,288,y,,
SNYK-PHP-MAGENTOCOMMUNITYEDITION-174067,Cross-site Scripting (XSS),Composer,magento/community-edition,2.3.1,https://github.com/magento/magento2,https://github.com/magento/magento2/releases/tag/2.3.1,https://github.com/magento/magento2/blob/master/app/code/Magento/Customer/view/adminhtml/templates/tab/newsletter.phtml ; https://github.com/magento/magento2/blob/master/app/code/Magento/Customer/view/frontend/email/change_email_and_password.html ; https://github.com/magento/magento2/blob/master/app/code/Magento/Customer/view/frontend/email/change_email.html ; https://github.com/magento/magento2/blob/master/app/code/Magento/Customer/view/frontend/templates/form/newsletter.phtml ; https://github.com/magento/magento2/blob/master/app/code/Magento/Integration/view/adminhtml/templates/integration/tokens_exchange.phtml ; https://github.com/magento/magento2/blob/master/app/code/Magento/Newsletter/view/frontend/templates/form/register/newsletter.phtml ; https://github.com/magento/magento2/blob/master/app/code/Magento/Sales/view/adminhtml/templates/order/view/history.phtml ; https://github.com/magento/magento2/blob/master/app/code/Magento/Sales/view/adminhtml/templates/order/view/tab/history.phtml ; https://github.com,https://snyk.io/vuln/SNYK-PHP-MAGENTOCOMMUNITYEDITION-174067,y,https://devdocs.magento.com/guides/v2.3/release-notes/ReleaseNotes2.3.1Commerce.html,homepage announcement,,y,security; vuln type; severity; attack description; summary of risk/threat; patch availability,security notice;vulnerability description;exploit;affected version listed,y,n,,,,289,y,,
SNYK-PHP-MAGENTOCOMMUNITYEDITION-174071,Cross-site Scripting (XSS),Composer,magento/community-edition,2.1.17,https://github.com/magento/magento2,https://github.com/magento/magento2/releases/tag/2.1.17,https://github.com/magento/magento2/blob/master/app/code/Magento/Customer/view/adminhtml/templates/tab/newsletter.phtml ; https://github.com/magento/magento2/blob/master/app/code/Magento/Customer/view/frontend/email/change_email_and_password.html ; https://github.com/magento/magento2/blob/master/app/code/Magento/Customer/view/frontend/email/change_email.html ; https://github.com/magento/magento2/blob/master/app/code/Magento/Customer/view/frontend/templates/form/newsletter.phtml ; https://github.com/magento/magento2/blob/master/app/code/Magento/Integration/view/adminhtml/templates/integration/tokens_exchange.phtml ; https://github.com/magento/magento2/blob/master/app/code/Magento/Newsletter/view/frontend/templates/form/register/newsletter.phtml ; https://github.com/magento/magento2/blob/master/app/code/Magento/Sales/view/adminhtml/templates/order/view/history.phtml ; https://github.com/magento/magento2/blob/master/app/code/Magento/Sales/view/adminhtml/templates/order/view/tab/history.phtml ; https://github.com,https://snyk.io/vuln/SNYK-PHP-MAGENTOCOMMUNITYEDITION-174071,n,,,,n,,,n,n,,,,290,y,,
SNYK-PHP-MAGENTOCOMMUNITYEDITION-174071,Cross-site Scripting (XSS),Composer,magento/community-edition,2.2.8,https://github.com/magento/magento2,https://github.com/magento/magento2/releases/tag/2.2.8,https://github.com/magento/magento2/blob/master/app/code/Magento/Customer/view/adminhtml/templates/tab/newsletter.phtml ; https://github.com/magento/magento2/blob/master/app/code/Magento/Customer/view/frontend/email/change_email_and_password.html ; https://github.com/magento/magento2/blob/master/app/code/Magento/Customer/view/frontend/email/change_email.html ; https://github.com/magento/magento2/blob/master/app/code/Magento/Customer/view/frontend/templates/form/newsletter.phtml ; https://github.com/magento/magento2/blob/master/app/code/Magento/Integration/view/adminhtml/templates/integration/tokens_exchange.phtml ; https://github.com/magento/magento2/blob/master/app/code/Magento/Newsletter/view/frontend/templates/form/register/newsletter.phtml ; https://github.com/magento/magento2/blob/master/app/code/Magento/Sales/view/adminhtml/templates/order/view/history.phtml ; https://github.com/magento/magento2/blob/master/app/code/Magento/Sales/view/adminhtml/templates/order/view/tab/history.phtml ; https://github.com,https://snyk.io/vuln/SNYK-PHP-MAGENTOCOMMUNITYEDITION-174071,y,https://devdocs.magento.com/guides/v2.2/release-notes/ReleaseNotes2.2.8CE.html,homepage announcement,,y,security; vuln type; severity; attack description; summary of risk/threat; patch availability; pathced version branch,security notice;vulnerability description;exploit;affected version listed,y,n,,,,291,y,,
SNYK-PHP-MAGENTOCOMMUNITYEDITION-174071,Cross-site Scripting (XSS),Composer,magento/community-edition,2.3.1,https://github.com/magento/magento2,https://github.com/magento/magento2/releases/tag/2.3.1,https://github.com/magento/magento2/blob/master/app/code/Magento/Customer/view/adminhtml/templates/tab/newsletter.phtml ; https://github.com/magento/magento2/blob/master/app/code/Magento/Customer/view/frontend/email/change_email_and_password.html ; https://github.com/magento/magento2/blob/master/app/code/Magento/Customer/view/frontend/email/change_email.html ; https://github.com/magento/magento2/blob/master/app/code/Magento/Customer/view/frontend/templates/form/newsletter.phtml ; https://github.com/magento/magento2/blob/master/app/code/Magento/Integration/view/adminhtml/templates/integration/tokens_exchange.phtml ; https://github.com/magento/magento2/blob/master/app/code/Magento/Newsletter/view/frontend/templates/form/register/newsletter.phtml ; https://github.com/magento/magento2/blob/master/app/code/Magento/Sales/view/adminhtml/templates/order/view/history.phtml ; https://github.com/magento/magento2/blob/master/app/code/Magento/Sales/view/adminhtml/templates/order/view/tab/history.phtml ; https://github.com,https://snyk.io/vuln/SNYK-PHP-MAGENTOCOMMUNITYEDITION-174071,y,https://devdocs.magento.com/guides/v2.3/release-notes/ReleaseNotes2.3.1Commerce.html,homepage announcement,,y,security; vuln type; severity; attack description; summary of risk/threat; patch availability,security notice;vulnerability description;exploit;affected version listed,y,n,,,,292,y,,
SNYK-PHP-MAGENTOCOMMUNITYEDITION-174072,Cross-site Scripting (XSS),Composer,magento/community-edition,2.1.17,https://github.com/magento/magento2,https://github.com/magento/magento2/releases/tag/2.1.17,https://github.com/magento/magento2/blob/master/app/code/Magento/Customer/view/adminhtml/templates/tab/newsletter.phtml ; https://github.com/magento/magento2/blob/master/app/code/Magento/Customer/view/frontend/email/change_email_and_password.html ; https://github.com/magento/magento2/blob/master/app/code/Magento/Customer/view/frontend/email/change_email.html ; https://github.com/magento/magento2/blob/master/app/code/Magento/Customer/view/frontend/templates/form/newsletter.phtml ; https://github.com/magento/magento2/blob/master/app/code/Magento/Integration/view/adminhtml/templates/integration/tokens_exchange.phtml ; https://github.com/magento/magento2/blob/master/app/code/Magento/Newsletter/view/frontend/templates/form/register/newsletter.phtml ; https://github.com/magento/magento2/blob/master/app/code/Magento/Sales/view/adminhtml/templates/order/view/history.phtml ; https://github.com/magento/magento2/blob/master/app/code/Magento/Sales/view/adminhtml/templates/order/view/tab/history.phtml ; https://github.com,https://snyk.io/vuln/SNYK-PHP-MAGENTOCOMMUNITYEDITION-174072,n,,,,n,,,n,n,,,,293,y,,
SNYK-PHP-MAGENTOCOMMUNITYEDITION-174072,Cross-site Scripting (XSS),Composer,magento/community-edition,2.2.8,https://github.com/magento/magento2,https://github.com/magento/magento2/releases/tag/2.2.8,https://github.com/magento/magento2/blob/master/app/code/Magento/Customer/view/adminhtml/templates/tab/newsletter.phtml ; https://github.com/magento/magento2/blob/master/app/code/Magento/Customer/view/frontend/email/change_email_and_password.html ; https://github.com/magento/magento2/blob/master/app/code/Magento/Customer/view/frontend/email/change_email.html ; https://github.com/magento/magento2/blob/master/app/code/Magento/Customer/view/frontend/templates/form/newsletter.phtml ; https://github.com/magento/magento2/blob/master/app/code/Magento/Integration/view/adminhtml/templates/integration/tokens_exchange.phtml ; https://github.com/magento/magento2/blob/master/app/code/Magento/Newsletter/view/frontend/templates/form/register/newsletter.phtml ; https://github.com/magento/magento2/blob/master/app/code/Magento/Sales/view/adminhtml/templates/order/view/history.phtml ; https://github.com/magento/magento2/blob/master/app/code/Magento/Sales/view/adminhtml/templates/order/view/tab/history.phtml ; https://github.com,https://snyk.io/vuln/SNYK-PHP-MAGENTOCOMMUNITYEDITION-174072,y,https://devdocs.magento.com/guides/v2.2/release-notes/ReleaseNotes2.2.8CE.html,homepage announcement,,y,security; vuln type; severity; attack description; summary of risk/threat; patch availability; pathced version branch,security notice;vulnerability description;exploit;affected version listed,y,n,,,,294,y,,
SNYK-PHP-MAGENTOCOMMUNITYEDITION-174072,Cross-site Scripting (XSS),Composer,magento/community-edition,2.3.1,https://github.com/magento/magento2,https://github.com/magento/magento2/releases/tag/2.3.1,https://github.com/magento/magento2/blob/master/app/code/Magento/Customer/view/adminhtml/templates/tab/newsletter.phtml ; https://github.com/magento/magento2/blob/master/app/code/Magento/Customer/view/frontend/email/change_email_and_password.html ; https://github.com/magento/magento2/blob/master/app/code/Magento/Customer/view/frontend/email/change_email.html ; https://github.com/magento/magento2/blob/master/app/code/Magento/Customer/view/frontend/templates/form/newsletter.phtml ; https://github.com/magento/magento2/blob/master/app/code/Magento/Integration/view/adminhtml/templates/integration/tokens_exchange.phtml ; https://github.com/magento/magento2/blob/master/app/code/Magento/Newsletter/view/frontend/templates/form/register/newsletter.phtml ; https://github.com/magento/magento2/blob/master/app/code/Magento/Sales/view/adminhtml/templates/order/view/history.phtml ; https://github.com/magento/magento2/blob/master/app/code/Magento/Sales/view/adminhtml/templates/order/view/tab/history.phtml ; https://github.com,https://snyk.io/vuln/SNYK-PHP-MAGENTOCOMMUNITYEDITION-174072,y,https://devdocs.magento.com/guides/v2.3/release-notes/ReleaseNotes2.3.1Commerce.html,homepage announcement,,y,security; vuln type; severity; attack description; summary of risk/threat; patch availability,security notice;vulnerability description;exploit;affected version listed,y,n,,,,295,y,,
SNYK-PHP-MAGENTOCOMMUNITYEDITION-174079,Information Exposure,Composer,magento/community-edition,2.1.17,https://github.com/magento/magento2,https://github.com/magento/magento2/releases/tag/2.1.17,https://github.com/magento/magento2/blob/master/app/code/Magento/Customer/view/adminhtml/templates/tab/newsletter.phtml ; https://github.com/magento/magento2/blob/master/app/code/Magento/Customer/view/frontend/email/change_email_and_password.html ; https://github.com/magento/magento2/blob/master/app/code/Magento/Customer/view/frontend/email/change_email.html ; https://github.com/magento/magento2/blob/master/app/code/Magento/Customer/view/frontend/templates/form/newsletter.phtml ; https://github.com/magento/magento2/blob/master/app/code/Magento/Integration/view/adminhtml/templates/integration/tokens_exchange.phtml ; https://github.com/magento/magento2/blob/master/app/code/Magento/Newsletter/view/frontend/templates/form/register/newsletter.phtml ; https://github.com/magento/magento2/blob/master/app/code/Magento/Sales/view/adminhtml/templates/order/view/history.phtml ; https://github.com/magento/magento2/blob/master/app/code/Magento/Sales/view/adminhtml/templates/order/view/tab/history.phtml ; https://github.com,https://snyk.io/vuln/SNYK-PHP-MAGENTOCOMMUNITYEDITION-174079,n,,,,n,,,n,n,,,,296,y,,
SNYK-PHP-MAGENTOCOMMUNITYEDITION-174079,Information Exposure,Composer,magento/community-edition,2.2.8,https://github.com/magento/magento2,https://github.com/magento/magento2/releases/tag/2.2.8,https://github.com/magento/magento2/blob/master/app/code/Magento/Customer/view/adminhtml/templates/tab/newsletter.phtml ; https://github.com/magento/magento2/blob/master/app/code/Magento/Customer/view/frontend/email/change_email_and_password.html ; https://github.com/magento/magento2/blob/master/app/code/Magento/Customer/view/frontend/email/change_email.html ; https://github.com/magento/magento2/blob/master/app/code/Magento/Customer/view/frontend/templates/form/newsletter.phtml ; https://github.com/magento/magento2/blob/master/app/code/Magento/Integration/view/adminhtml/templates/integration/tokens_exchange.phtml ; https://github.com/magento/magento2/blob/master/app/code/Magento/Newsletter/view/frontend/templates/form/register/newsletter.phtml ; https://github.com/magento/magento2/blob/master/app/code/Magento/Sales/view/adminhtml/templates/order/view/history.phtml ; https://github.com/magento/magento2/blob/master/app/code/Magento/Sales/view/adminhtml/templates/order/view/tab/history.phtml ; https://github.com,https://snyk.io/vuln/SNYK-PHP-MAGENTOCOMMUNITYEDITION-174079,y,https://devdocs.magento.com/guides/v2.2/release-notes/ReleaseNotes2.2.8CE.html,homepage announcement,,y,security; vuln type; severity; attack description; summary of risk/threat; patch availability; pathced version branch,security notice;vulnerability description;exploit;affected version listed,y,n,,,,297,y,,
SNYK-PHP-MAGENTOCOMMUNITYEDITION-174079,Information Exposure,Composer,magento/community-edition,2.3.1,https://github.com/magento/magento2,https://github.com/magento/magento2/releases/tag/2.3.1,https://github.com/magento/magento2/blob/master/app/code/Magento/Customer/view/adminhtml/templates/tab/newsletter.phtml ; https://github.com/magento/magento2/blob/master/app/code/Magento/Customer/view/frontend/email/change_email_and_password.html ; https://github.com/magento/magento2/blob/master/app/code/Magento/Customer/view/frontend/email/change_email.html ; https://github.com/magento/magento2/blob/master/app/code/Magento/Customer/view/frontend/templates/form/newsletter.phtml ; https://github.com/magento/magento2/blob/master/app/code/Magento/Integration/view/adminhtml/templates/integration/tokens_exchange.phtml ; https://github.com/magento/magento2/blob/master/app/code/Magento/Newsletter/view/frontend/templates/form/register/newsletter.phtml ; https://github.com/magento/magento2/blob/master/app/code/Magento/Sales/view/adminhtml/templates/order/view/history.phtml ; https://github.com/magento/magento2/blob/master/app/code/Magento/Sales/view/adminhtml/templates/order/view/tab/history.phtml ; https://github.com,https://snyk.io/vuln/SNYK-PHP-MAGENTOCOMMUNITYEDITION-174079,y,https://devdocs.magento.com/guides/v2.3/release-notes/ReleaseNotes2.3.1Commerce.html,homepage announcement,,y,security; vuln type; severity; attack description; summary of risk/threat; patch availability,security notice;vulnerability description;exploit;affected version listed,y,n,,,,298,y,,
SNYK-PHP-MAGENTOCOMMUNITYEDITION-458969,Resource Injection,Composer,magento/community-edition,2.1.18,https://github.com/magento/magento2,https://github.com/magento/magento2/releases/tag/2.1.18,https://github.com/magento/magento2/blob/master/app/code/Magento/Customer/view/adminhtml/templates/tab/newsletter.phtml ; https://github.com/magento/magento2/blob/master/app/code/Magento/Customer/view/frontend/email/change_email_and_password.html ; https://github.com/magento/magento2/blob/master/app/code/Magento/Customer/view/frontend/email/change_email.html ; https://github.com/magento/magento2/blob/master/app/code/Magento/Customer/view/frontend/templates/form/newsletter.phtml ; https://github.com/magento/magento2/blob/master/app/code/Magento/Integration/view/adminhtml/templates/integration/tokens_exchange.phtml ; https://github.com/magento/magento2/blob/master/app/code/Magento/Newsletter/view/frontend/templates/form/register/newsletter.phtml ; https://github.com/magento/magento2/blob/master/app/code/Magento/Sales/view/adminhtml/templates/order/view/history.phtml ; https://github.com/magento/magento2/blob/master/app/code/Magento/Sales/view/adminhtml/templates/order/view/tab/history.phtml ; https://github.com,https://snyk.io/vuln/SNYK-PHP-MAGENTOCOMMUNITYEDITION-458969,n,,,,n,,,n,n,,,,299,y,,
SNYK-PHP-MAGENTOCOMMUNITYEDITION-458969,Resource Injection,Composer,magento/community-edition,2.2.9,https://github.com/magento/magento2,https://github.com/magento/magento2/releases/tag/2.2.9,https://github.com/magento/magento2/blob/master/app/code/Magento/Customer/view/adminhtml/templates/tab/newsletter.phtml ; https://github.com/magento/magento2/blob/master/app/code/Magento/Customer/view/frontend/email/change_email_and_password.html ; https://github.com/magento/magento2/blob/master/app/code/Magento/Customer/view/frontend/email/change_email.html ; https://github.com/magento/magento2/blob/master/app/code/Magento/Customer/view/frontend/templates/form/newsletter.phtml ; https://github.com/magento/magento2/blob/master/app/code/Magento/Integration/view/adminhtml/templates/integration/tokens_exchange.phtml ; https://github.com/magento/magento2/blob/master/app/code/Magento/Newsletter/view/frontend/templates/form/register/newsletter.phtml ; https://github.com/magento/magento2/blob/master/app/code/Magento/Sales/view/adminhtml/templates/order/view/history.phtml ; https://github.com/magento/magento2/blob/master/app/code/Magento/Sales/view/adminhtml/templates/order/view/tab/history.phtml ; https://github.com,https://snyk.io/vuln/SNYK-PHP-MAGENTOCOMMUNITYEDITION-458969,y,https://devdocs.magento.com/guides/v2.2/release-notes/ReleaseNotes2.2.8CE.html,homepage announcement,,y,security; vuln type; severity; attack description; summary of risk/threat; patch availability; pathced version branch,security notice;vulnerability description;exploit;affected version listed,y,n,,,,300,y,,
SNYK-PHP-MAGENTOCOMMUNITYEDITION-458969,Resource Injection,Composer,magento/community-edition,2.3.2,https://github.com/magento/magento2,https://github.com/magento/magento2/releases/tag/2.3.2,https://github.com/magento/magento2/blob/master/app/code/Magento/Customer/view/adminhtml/templates/tab/newsletter.phtml ; https://github.com/magento/magento2/blob/master/app/code/Magento/Customer/view/frontend/email/change_email_and_password.html ; https://github.com/magento/magento2/blob/master/app/code/Magento/Customer/view/frontend/email/change_email.html ; https://github.com/magento/magento2/blob/master/app/code/Magento/Customer/view/frontend/templates/form/newsletter.phtml ; https://github.com/magento/magento2/blob/master/app/code/Magento/Integration/view/adminhtml/templates/integration/tokens_exchange.phtml ; https://github.com/magento/magento2/blob/master/app/code/Magento/Newsletter/view/frontend/templates/form/register/newsletter.phtml ; https://github.com/magento/magento2/blob/master/app/code/Magento/Sales/view/adminhtml/templates/order/view/history.phtml ; https://github.com/magento/magento2/blob/master/app/code/Magento/Sales/view/adminhtml/templates/order/view/tab/history.phtml ; https://github.com,https://snyk.io/vuln/SNYK-PHP-MAGENTOCOMMUNITYEDITION-458969,y,https://devdocs.magento.com/guides/v2.3/release-notes/ReleaseNotes2.3.1Commerce.html,homepage announcement,,y,security; vuln type; severity; attack description; summary of risk/threat; patch availability,security notice;vulnerability description;exploit,y,n,,,,301,y,,
SNYK-PHP-MAGENTOCOMMUNITYEDITION-458996,Cross-site Request Forgery (CSRF),Composer,magento/community-edition,2.1.18,https://github.com/magento/magento2,https://github.com/magento/magento2/releases/tag/2.1.18,https://github.com/magento/magento2/blob/master/app/code/Magento/Customer/view/adminhtml/templates/tab/newsletter.phtml ; https://github.com/magento/magento2/blob/master/app/code/Magento/Customer/view/frontend/email/change_email_and_password.html ; https://github.com/magento/magento2/blob/master/app/code/Magento/Customer/view/frontend/email/change_email.html ; https://github.com/magento/magento2/blob/master/app/code/Magento/Customer/view/frontend/templates/form/newsletter.phtml ; https://github.com/magento/magento2/blob/master/app/code/Magento/Integration/view/adminhtml/templates/integration/tokens_exchange.phtml ; https://github.com/magento/magento2/blob/master/app/code/Magento/Newsletter/view/frontend/templates/form/register/newsletter.phtml ; https://github.com/magento/magento2/blob/master/app/code/Magento/Sales/view/adminhtml/templates/order/view/history.phtml ; https://github.com/magento/magento2/blob/master/app/code/Magento/Sales/view/adminhtml/templates/order/view/tab/history.phtml ; https://github.com,https://snyk.io/vuln/SNYK-PHP-MAGENTOCOMMUNITYEDITION-458996,n,,,,n,,,n,n,,,,302,y,,
SNYK-PHP-MAGENTOCOMMUNITYEDITION-458996,Cross-site Request Forgery (CSRF),Composer,magento/community-edition,2.2.9,https://github.com/magento/magento2,https://github.com/magento/magento2/releases/tag/2.2.9,https://github.com/magento/magento2/blob/master/app/code/Magento/Customer/view/adminhtml/templates/tab/newsletter.phtml ; https://github.com/magento/magento2/blob/master/app/code/Magento/Customer/view/frontend/email/change_email_and_password.html ; https://github.com/magento/magento2/blob/master/app/code/Magento/Customer/view/frontend/email/change_email.html ; https://github.com/magento/magento2/blob/master/app/code/Magento/Customer/view/frontend/templates/form/newsletter.phtml ; https://github.com/magento/magento2/blob/master/app/code/Magento/Integration/view/adminhtml/templates/integration/tokens_exchange.phtml ; https://github.com/magento/magento2/blob/master/app/code/Magento/Newsletter/view/frontend/templates/form/register/newsletter.phtml ; https://github.com/magento/magento2/blob/master/app/code/Magento/Sales/view/adminhtml/templates/order/view/history.phtml ; https://github.com/magento/magento2/blob/master/app/code/Magento/Sales/view/adminhtml/templates/order/view/tab/history.phtml ; https://github.com,https://snyk.io/vuln/SNYK-PHP-MAGENTOCOMMUNITYEDITION-458996,y,https://devdocs.magento.com/guides/v2.2/release-notes/ReleaseNotes2.2.9EE.html,homepage announcement,,y,security; vuln type,security notice;vulnerability description,y,n,,,,303,y,,
SNYK-PHP-MAGENTOCOMMUNITYEDITION-458996,Cross-site Request Forgery (CSRF),Composer,magento/community-edition,2.3.2,https://github.com/magento/magento2,https://github.com/magento/magento2/releases/tag/2.3.2,https://github.com/magento/magento2/blob/master/app/code/Magento/Customer/view/adminhtml/templates/tab/newsletter.phtml ; https://github.com/magento/magento2/blob/master/app/code/Magento/Customer/view/frontend/email/change_email_and_password.html ; https://github.com/magento/magento2/blob/master/app/code/Magento/Customer/view/frontend/email/change_email.html ; https://github.com/magento/magento2/blob/master/app/code/Magento/Customer/view/frontend/templates/form/newsletter.phtml ; https://github.com/magento/magento2/blob/master/app/code/Magento/Integration/view/adminhtml/templates/integration/tokens_exchange.phtml ; https://github.com/magento/magento2/blob/master/app/code/Magento/Newsletter/view/frontend/templates/form/register/newsletter.phtml ; https://github.com/magento/magento2/blob/master/app/code/Magento/Sales/view/adminhtml/templates/order/view/history.phtml ; https://github.com/magento/magento2/blob/master/app/code/Magento/Sales/view/adminhtml/templates/order/view/tab/history.phtml ; https://github.com,https://snyk.io/vuln/SNYK-PHP-MAGENTOCOMMUNITYEDITION-458996,y,https://devdocs.magento.com/guides/v2.3/release-notes/ReleaseNotes2.3.2Commerce.html,homepage announcement,,y,security; vuln type,security notice;vulnerability description,y,n,,,,304,y,,
SNYK-PHP-MAGENTOCOMMUNITYEDITION-473097,Cross-site Scripting (XSS),Composer,magento/community-edition,2.2.10,https://github.com/magento/magento2,https://github.com/magento/magento2/releases/tag/2.2.10,https://github.com/magento/magento2/blob/master/app/code/Magento/Customer/view/adminhtml/templates/tab/newsletter.phtml ; https://github.com/magento/magento2/blob/master/app/code/Magento/Customer/view/frontend/email/change_email_and_password.html ; https://github.com/magento/magento2/blob/master/app/code/Magento/Customer/view/frontend/email/change_email.html ; https://github.com/magento/magento2/blob/master/app/code/Magento/Customer/view/frontend/templates/form/newsletter.phtml ; https://github.com/magento/magento2/blob/master/app/code/Magento/Integration/view/adminhtml/templates/integration/tokens_exchange.phtml ; https://github.com/magento/magento2/blob/master/app/code/Magento/Newsletter/view/frontend/templates/form/register/newsletter.phtml ; https://github.com/magento/magento2/blob/master/app/code/Magento/Sales/view/adminhtml/templates/order/view/history.phtml ; https://github.com/magento/magento2/blob/master/app/code/Magento/Sales/view/adminhtml/templates/order/view/tab/history.phtml ; https://github.com,https://snyk.io/vuln/SNYK-PHP-MAGENTOCOMMUNITYEDITION-473097,y,https://devdocs.magento.com/guides/v2.3/release-notes/ReleaseNotes2.3.2Commerce.html,homepage announcement,,y,security; vuln type,security notice;vulnerability description,y,n,,,,305,y,,
SNYK-PHP-MEDIAWIKICORE-1019378,Information Disclosure,Composer,mediawiki/core,1.31.4,https://github.com/wikimedia/mediawiki,not found through script,https://github.com/wikimedia/mediawiki/blob/master/HISTORY ; https://github.com/wikimedia/mediawiki/blob/master/resources/lib/jquery.cookie/CHANGELOG.md ; https://github.com/wikimedia/mediawiki/blob/master/resources/lib/moment/CHANGELOG.md ; https://github.com/wikimedia/mediawiki/blob/master/resources/lib/oojs-router/History.md ; https://github.com/wikimedia/mediawiki/blob/master/resources/lib/ooui/History.md ; https://github.com/wikimedia/mediawiki/blob/master/tests/selenium/wdio-mediawiki/CHANGELOG.md,https://snyk.io/vuln/SNYK-PHP-MEDIAWIKICORE-1019378,y,,changelog,,y,security mention; summary fix,security notice;fix reference,y,n,,,,313,a,,
SNYK-PHP-MEDIAWIKICORE-1019378,Information Disclosure,Composer,mediawiki/core,1.32.4,https://github.com/wikimedia/mediawiki,not found through script,https://github.com/wikimedia/mediawiki/blob/master/HISTORY ; https://github.com/wikimedia/mediawiki/blob/master/resources/lib/jquery.cookie/CHANGELOG.md ; https://github.com/wikimedia/mediawiki/blob/master/resources/lib/moment/CHANGELOG.md ; https://github.com/wikimedia/mediawiki/blob/master/resources/lib/oojs-router/History.md ; https://github.com/wikimedia/mediawiki/blob/master/resources/lib/ooui/History.md ; https://github.com/wikimedia/mediawiki/blob/master/tests/selenium/wdio-mediawiki/CHANGELOG.md,https://snyk.io/vuln/SNYK-PHP-MEDIAWIKICORE-1019378,y,,changelog,,y,security mention; summary fix,security notice;fix reference,y,n,,,,314,a,,
SNYK-PHP-MEDIAWIKICORE-1019378,Information Disclosure,Composer,mediawiki/core,1.33.1,https://github.com/wikimedia/mediawiki,not found through script,https://github.com/wikimedia/mediawiki/blob/master/HISTORY ; https://github.com/wikimedia/mediawiki/blob/master/resources/lib/jquery.cookie/CHANGELOG.md ; https://github.com/wikimedia/mediawiki/blob/master/resources/lib/moment/CHANGELOG.md ; https://github.com/wikimedia/mediawiki/blob/master/resources/lib/oojs-router/History.md ; https://github.com/wikimedia/mediawiki/blob/master/resources/lib/ooui/History.md ; https://github.com/wikimedia/mediawiki/blob/master/tests/selenium/wdio-mediawiki/CHANGELOG.md,https://snyk.io/vuln/SNYK-PHP-MEDIAWIKICORE-1019378,y,,changelog,,y,security mention; summary fix,security notice;fix reference,y,n,,,,315,a,,
SNYK-PHP-NYSTUDIO107CRAFTSEOMATIC-568917,Server Side Template Injection (SSTI),Composer,nystudio107/craft-seomatic,3.3.0,https://github.com/nystudio107/craft-seomatic,https://github.com/nystudio107/craft-seomatic/releases/tag/3.3.0,https://github.com/nystudio107/craft-seomatic/blob/master/CHANGELOG.md,https://snyk.io/vuln/SNYK-PHP-NYSTUDIO107CRAFTSEOMATIC-568917,y,github release note; changelog,changelog,,y,security header; risk explanation,security notice;vulnerability description,y,n,,,critical marked later,316,y,,
SNYK-PHP-OCTOBEROCTOBER-1044029,Cross-site Scripting (XSS),Composer,october/october,1.0.469,https://github.com/octobercms/october,not found through script,https://github.com/octobercms/october/blob/master/CHANGELOG.md,https://snyk.io/vuln/SNYK-PHP-OCTOBEROCTOBER-1044029,y,,homepage announcement,,y,security notice; risk explain,security notice;vulnerability description,y,y,affected api listed; api change notice,breaking change notice;affected api listed,,317,y,,
SNYK-PHP-SILVERSTRIPEFRAMEWORK-546487,Cross-site Scripting (XSS),Composer,silverstripe/framework,3.5.2,https://github.com/silverstripe/silverstripe-framework,https://github.com/silverstripe/silverstripe-framework/releases/tag/3.5.2,https://github.com/silverstripe/silverstripe-framework/blob/master/docs/en/05_Contributing/04_Release_Process.md ; https://github.com/silverstripe/silverstripe-framework/blob/master/docs/en/05_Contributing/05_Making_A_SilverStripe_Core_Release.md,https://snyk.io/vuln/SNYK-PHP-SILVERSTRIPEFRAMEWORK-546487,y,,github release note,,y,security notice; vuln details,security notice;vulnerability description,y,n,,,,321,y,,
SNYK-PHP-SILVERSTRIPEFRAMEWORK-546494,SQL Injection,Composer,silverstripe/framework,4.0.1,https://github.com/silverstripe/silverstripe-framework,https://github.com/silverstripe/silverstripe-framework/releases/tag/4.0.1,https://github.com/silverstripe/silverstripe-framework/blob/master/docs/en/05_Contributing/04_Release_Process.md ; https://github.com/silverstripe/silverstripe-framework/blob/master/docs/en/05_Contributing/05_Making_A_SilverStripe_Core_Release.md,https://snyk.io/vuln/SNYK-PHP-SILVERSTRIPEFRAMEWORK-546494,y,,changelog,,y,security notice; commit log; vuln type; advisory link,security notice;fix reference;vulnerability description;advisory reference,y,y,affected api listed; api change notice; commit,breaking change notice;affected api listed;code change reference,,324,y,,
SNYK-PHP-SILVERSTRIPEFRAMEWORK-546495,Privilege Escalation,Composer,silverstripe/framework,4.0.4,https://github.com/silverstripe/silverstripe-framework,not found through script,https://github.com/silverstripe/silverstripe-framework/blob/master/docs/en/05_Contributing/04_Release_Process.md ; https://github.com/silverstripe/silverstripe-framework/blob/master/docs/en/05_Contributing/05_Making_A_SilverStripe_Core_Release.md,https://snyk.io/vuln/SNYK-PHP-SILVERSTRIPEFRAMEWORK-546495,y,https://github.com/silverstripe/silverstripe-framework/blob/4/docs/en/04_Changelogs/4.0.4.md,changelog,,y,security notice; commit log; vuln type; advisory link,security notice;fix reference;vulnerability description;advisory reference,y,n,,,,327,y,,
SNYK-PHP-SILVERSTRIPEFRAMEWORK-546495,Privilege Escalation,Composer,silverstripe/framework,4.1.1,https://github.com/silverstripe/silverstripe-framework,not found through script,https://github.com/silverstripe/silverstripe-framework/blob/master/docs/en/05_Contributing/04_Release_Process.md ; https://github.com/silverstripe/silverstripe-framework/blob/master/docs/en/05_Contributing/05_Making_A_SilverStripe_Core_Release.md,https://snyk.io/vuln/SNYK-PHP-SILVERSTRIPEFRAMEWORK-546495,y,https://github.com/silverstripe/silverstripe-framework/blob/master/docs/en/04_Changelogs/4.1.1.md,changelog,,y,security notice; commit log; vuln type; advisory link,security notice;fix reference;vulnerability description;advisory reference,y,n,,,,328,y,,
SNYK-PHP-SMARTYSMARTY-1078282,Arbitrary Code Injection,Composer,smarty/smarty,3.1.39,https://github.com/smarty-php/smarty,https://github.com/smarty-php/smarty/releases/tag/v3.1.39,https://github.com/smarty-php/smarty/blob/master/CHANGELOG.md ; https://github.com/smarty-php/smarty/blob/master/COMPOSER_RELEASE_NOTES.txt ; https://github.com/smarty-php/smarty/blob/master/INHERITANCE_RELEASE_NOTES.txt,https://snyk.io/vuln/SNYK-PHP-SMARTYSMARTY-1078282,y,,changelog,,y,secuirty notice; cve mention; vuln type; exploit way,security notice;vulnerability description;advisory reference;exploit,y,n,,,,330,y,,
SNYK-PHP-SPOONLIBRARY-1077070,Cross-site Scripting (XSS),Composer,spoon/library,3.2.8,https://github.com/forkcms/library,https://github.com/forkcms/library/releases/tag/3.2.8,https://github.com/forkcms/library/blob/master/spoon/CHANGELOG,https://snyk.io/vuln/SNYK-PHP-SPOONLIBRARY-1077070,y,,github release note,,y,vuln type; affected component; pr referenced,vulnerability description;fix reference;affected component listed,n,n,,,,331,y,,
SNYK-PHP-STUDIO42ELFINDER-73505,Information Exposure,Composer,studio-42/elfinder,2.1.45,https://github.com/Studio-42/elFinder,https://github.com/Studio-42/elFinder/releases/tag/2.1.45,https://github.com/Studio-42/elFinder/blob/master/Changelog,https://snyk.io/vuln/SNYK-PHP-STUDIO42ELFINDER-73505,y,,changelog,,y,security mention; cve mention; vuln type,security notice;vulnerability description;advisory reference,y,n,,,,332,y,,
SNYK-PHP-SYLIUSRESOURCEBUNDLE-598865,Remote Code Execution (RCE),Composer,sylius/resource-bundle,1.3.14,https://github.com/Sylius/SyliusResourceBundle,https://github.com/Sylius/SyliusResourceBundle/releases/tag/v1.3.14,https://github.com/Sylius/SyliusResourceBundle/blob/master/CHANGELOG.md,https://snyk.io/vuln/SNYK-PHP-SYLIUSRESOURCEBUNDLE-598865,y,,changelog,,y,security mention; cve mention; vuln type; affected component,security notice;vulnerability description;advisory reference;affected component listed,y,n,,,,333,d,"Aniqa said is_uc =y, Nasif said no.",
SNYK-PHP-SYLIUSRESOURCEBUNDLE-598865,Remote Code Execution (RCE),Composer,sylius/resource-bundle,1.4.7,https://github.com/Sylius/SyliusResourceBundle,https://github.com/Sylius/SyliusResourceBundle/releases/tag/v1.4.7,https://github.com/Sylius/SyliusResourceBundle/blob/master/CHANGELOG.md,https://snyk.io/vuln/SNYK-PHP-SYLIUSRESOURCEBUNDLE-598865,y,,changelog,,y,security mention; cve mention; vuln type; affected component,security notice;vulnerability description;advisory reference;affected component listed,y,n,,,,334,d,"Aniqa said is_uc =y, Nasif said no.",
SNYK-PHP-SYLIUSRESOURCEBUNDLE-598865,Remote Code Execution (RCE),Composer,sylius/resource-bundle,1.5.2,https://github.com/Sylius/SyliusResourceBundle,https://github.com/Sylius/SyliusResourceBundle/releases/tag/v1.5.2,https://github.com/Sylius/SyliusResourceBundle/blob/master/CHANGELOG.md,https://snyk.io/vuln/SNYK-PHP-SYLIUSRESOURCEBUNDLE-598865,y,,changelog,,y,security mention; cve mention; vuln type; affected component,security notice;vulnerability description;advisory reference;affected component listed,y,n,,,,335,d,"Aniqa said is_uc =y, Nasif said no.",
SNYK-PHP-SYLIUSRESOURCEBUNDLE-598865,Remote Code Execution (RCE),Composer,sylius/resource-bundle,1.6.4,https://github.com/Sylius/SyliusResourceBundle,https://github.com/Sylius/SyliusResourceBundle/releases/tag/v1.6.4,https://github.com/Sylius/SyliusResourceBundle/blob/master/CHANGELOG.md,https://snyk.io/vuln/SNYK-PHP-SYLIUSRESOURCEBUNDLE-598865,y,,changelog,,y,security mention; cve mention; vuln type; affected component,security notice;vulnerability description;advisory reference;affected component listed,y,n,,,,336,d,"Aniqa said is_uc =y, Nasif said no.",
SNYK-PHP-SYMFONYHTTPFOUNDATION-72253,Access Restriction Bypass,Composer,symfony/http-foundation,2.7.49,https://github.com/symfony/http-foundation,not found through script,https://github.com/symfony/http-foundation/blob/master/CHANGELOG.md,https://snyk.io/vuln/SNYK-PHP-SYMFONYHTTPFOUNDATION-72253,,,github release note,,,security release,security notice,n,n,,,not in release feature,337,d,The release note does not have any information,
SNYK-PHP-SYMFONYHTTPFOUNDATION-72253,Access Restriction Bypass,Composer,symfony/http-foundation,2.8.44,https://github.com/symfony/http-foundation,not found through script,https://github.com/symfony/http-foundation/blob/master/CHANGELOG.md,https://snyk.io/vuln/SNYK-PHP-SYMFONYHTTPFOUNDATION-72253,,,github release note,,,security release,security notice,n,n,,,,338,d,The release note does not have any information,
SNYK-PHP-SYMFONYHTTPFOUNDATION-72253,Access Restriction Bypass,Composer,symfony/http-foundation,3.3.18,https://github.com/symfony/http-foundation,not found through script,https://github.com/symfony/http-foundation/blob/master/CHANGELOG.md,https://snyk.io/vuln/SNYK-PHP-SYMFONYHTTPFOUNDATION-72253,,,github release note,,,security release,security notice,n,n,,,,339,d,The release note does not have any information,
SNYK-PHP-SYMFONYHTTPFOUNDATION-72253,Access Restriction Bypass,Composer,symfony/http-foundation,3.4.14,https://github.com/symfony/http-foundation,not found through script,https://github.com/symfony/http-foundation/blob/master/CHANGELOG.md,https://snyk.io/vuln/SNYK-PHP-SYMFONYHTTPFOUNDATION-72253,,,github release note,,,security release,security notice,n,n,,,,340,d,The release note does not have any information,
SNYK-PHP-SYMFONYHTTPFOUNDATION-72253,Access Restriction Bypass,Composer,symfony/http-foundation,4.0.14,https://github.com/symfony/http-foundation,not found through script,https://github.com/symfony/http-foundation/blob/master/CHANGELOG.md,https://snyk.io/vuln/SNYK-PHP-SYMFONYHTTPFOUNDATION-72253,,,github release note,,,security release,security notice,n,n,,,,341,d,The release note does not have any information,
SNYK-PHP-SYMFONYHTTPFOUNDATION-72253,Access Restriction Bypass,Composer,symfony/http-foundation,4.1.3,https://github.com/symfony/http-foundation,not found through script,https://github.com/symfony/http-foundation/blob/master/CHANGELOG.md,https://snyk.io/vuln/SNYK-PHP-SYMFONYHTTPFOUNDATION-72253,y,,github release note,,y,security release,security notice,n,n,,,,342,y,,
SNYK-PHP-SYMFONYMIME-535379,Arbitrary Code Execution,Composer,symfony/mime,4.3.8,https://github.com/symfony/mime,not found through script,https://github.com/symfony/mime/blob/master/CHANGELOG.md,https://snyk.io/vuln/SNYK-PHP-SYMFONYMIME-535379,,,github release note,,,security release,security notice,n,n,,,,343,d,The release note does not have any information,
SNYK-PHP-SYMFONYSYMFONY-535350,Timing Attack,Composer,symfony/symfony,2.8.52,https://github.com/symfony/symfony,https://github.com/symfony/symfony/releases/tag/v2.8.52,https://github.com/symfony/symfony/blob/master/CHANGELOG-5.0.md ; https://github.com/symfony/symfony/blob/master/CHANGELOG-5.1.md ; https://github.com/symfony/symfony/blob/master/CHANGELOG-5.2.md ; https://github.com/symfony/symfony/blob/master/src/Symfony/Bridge/Doctrine/CHANGELOG.md ; https://github.com/symfony/symfony/blob/master/src/Symfony/Bridge/Monolog/CHANGELOG.md ; https://github.com/symfony/symfony/blob/master/src/Symfony/Bridge/PhpUnit/CHANGELOG.md ; https://github.com/symfony/symfony/blob/master/src/Symfony/Bridge/ProxyManager/CHANGELOG.md ; https://github.com/symfony/symfony/blob/master/src/Symfony/Bridge/Twig/CHANGELOG.md ; https://github.com/symfony/symfony/blob/master/src/Symfony/Bundle/DebugBundle/CHANGELOG.md ; https://github.com/symfony/symfony/blob/master/src/Symfony/Bundle/FrameworkBundle/CHANGELOG.md ; https://github.com/symfony/symfony/blob/master/src/Symfony/Bundle/SecurityBundle/CHANGELOG.md ; https://github.com/symfony/symfony/blob/master/src/Symfony/Bundle/TwigBundle/CHANGELOG.md ;,https://snyk.io/vuln/SNYK-PHP-SYMFONYSYMFONY-535350,y,,github release note,,y,security tag; fix summary; cve mention; affected component;,security notice;fix reference;advisory reference;affected component listed,y,n,,,,344,d,The release note does not have any information,
SNYK-PHP-SYMFONYSYMFONY-535350,Timing Attack,Composer,symfony/symfony,3.4.35,https://github.com/symfony/symfony,https://github.com/symfony/symfony/releases/tag/v3.4.35,https://github.com/symfony/symfony/blob/master/CHANGELOG-5.0.md ; https://github.com/symfony/symfony/blob/master/CHANGELOG-5.1.md ; https://github.com/symfony/symfony/blob/master/CHANGELOG-5.2.md ; https://github.com/symfony/symfony/blob/master/src/Symfony/Bridge/Doctrine/CHANGELOG.md ; https://github.com/symfony/symfony/blob/master/src/Symfony/Bridge/Monolog/CHANGELOG.md ; https://github.com/symfony/symfony/blob/master/src/Symfony/Bridge/PhpUnit/CHANGELOG.md ; https://github.com/symfony/symfony/blob/master/src/Symfony/Bridge/ProxyManager/CHANGELOG.md ; https://github.com/symfony/symfony/blob/master/src/Symfony/Bridge/Twig/CHANGELOG.md ; https://github.com/symfony/symfony/blob/master/src/Symfony/Bundle/DebugBundle/CHANGELOG.md ; https://github.com/symfony/symfony/blob/master/src/Symfony/Bundle/FrameworkBundle/CHANGELOG.md ; https://github.com/symfony/symfony/blob/master/src/Symfony/Bundle/SecurityBundle/CHANGELOG.md ; https://github.com/symfony/symfony/blob/master/src/Symfony/Bundle/TwigBundle/CHANGELOG.md ;,https://snyk.io/vuln/SNYK-PHP-SYMFONYSYMFONY-535350,y,,github release note,,y,security tag; fix summary; cve mention; affected component;,security notice;fix reference;advisory reference;affected component listed,y,n,,,,345,y,,
SNYK-PHP-SYMFONYSYMFONY-535350,Timing Attack,Composer,symfony/symfony,4.2.12,https://github.com/symfony/symfony,https://github.com/symfony/symfony/releases/tag/v4.2.12,https://github.com/symfony/symfony/blob/master/CHANGELOG-5.0.md ; https://github.com/symfony/symfony/blob/master/CHANGELOG-5.1.md ; https://github.com/symfony/symfony/blob/master/CHANGELOG-5.2.md ; https://github.com/symfony/symfony/blob/master/src/Symfony/Bridge/Doctrine/CHANGELOG.md ; https://github.com/symfony/symfony/blob/master/src/Symfony/Bridge/Monolog/CHANGELOG.md ; https://github.com/symfony/symfony/blob/master/src/Symfony/Bridge/PhpUnit/CHANGELOG.md ; https://github.com/symfony/symfony/blob/master/src/Symfony/Bridge/ProxyManager/CHANGELOG.md ; https://github.com/symfony/symfony/blob/master/src/Symfony/Bridge/Twig/CHANGELOG.md ; https://github.com/symfony/symfony/blob/master/src/Symfony/Bundle/DebugBundle/CHANGELOG.md ; https://github.com/symfony/symfony/blob/master/src/Symfony/Bundle/FrameworkBundle/CHANGELOG.md ; https://github.com/symfony/symfony/blob/master/src/Symfony/Bundle/SecurityBundle/CHANGELOG.md ; https://github.com/symfony/symfony/blob/master/src/Symfony/Bundle/TwigBundle/CHANGELOG.md ;,https://snyk.io/vuln/SNYK-PHP-SYMFONYSYMFONY-535350,y,,github release note,,y,security tag; fix summary; cve mention; affected component;,security notice;fix reference;advisory reference;affected component listed,y,n,,,,346,y,,
SNYK-PHP-SYMFONYSYMFONY-535350,Timing Attack,Composer,symfony/symfony,4.3.8,https://github.com/symfony/symfony,https://github.com/symfony/symfony/releases/tag/v4.3.8,https://github.com/symfony/symfony/blob/master/CHANGELOG-5.0.md ; https://github.com/symfony/symfony/blob/master/CHANGELOG-5.1.md ; https://github.com/symfony/symfony/blob/master/CHANGELOG-5.2.md ; https://github.com/symfony/symfony/blob/master/src/Symfony/Bridge/Doctrine/CHANGELOG.md ; https://github.com/symfony/symfony/blob/master/src/Symfony/Bridge/Monolog/CHANGELOG.md ; https://github.com/symfony/symfony/blob/master/src/Symfony/Bridge/PhpUnit/CHANGELOG.md ; https://github.com/symfony/symfony/blob/master/src/Symfony/Bridge/ProxyManager/CHANGELOG.md ; https://github.com/symfony/symfony/blob/master/src/Symfony/Bridge/Twig/CHANGELOG.md ; https://github.com/symfony/symfony/blob/master/src/Symfony/Bundle/DebugBundle/CHANGELOG.md ; https://github.com/symfony/symfony/blob/master/src/Symfony/Bundle/FrameworkBundle/CHANGELOG.md ; https://github.com/symfony/symfony/blob/master/src/Symfony/Bundle/SecurityBundle/CHANGELOG.md ; https://github.com/symfony/symfony/blob/master/src/Symfony/Bundle/TwigBundle/CHANGELOG.md ;,https://snyk.io/vuln/SNYK-PHP-SYMFONYSYMFONY-535350,y,,github release note,,y,security tag; fix summary; cve mention; affected component;,security notice;fix reference;advisory reference;affected component listed,y,n,,,,347,y,,
SNYK-PHP-VRANAADMINER-1072462,Cross-site Scripting (XSS),Composer,vrana/adminer,4.7.9,https://github.com/vrana/adminer,https://github.com/vrana/adminer/releases/tag/v4.7.9,https://github.com/vrana/adminer/blob/master/changes.txt,https://snyk.io/vuln/SNYK-PHP-VRANAADMINER-1072462,y,,changelog,,y,vuln type; details;,vulnerability description,y,n,,,,360,y,,
SNYK-PHP-WOOCOMMERCEWOOCOMMERCE-73653,Arbitrary Code Injection,Composer,woocommerce/woocommerce,3.2.4,https://github.com/woocommerce/woocommerce,https://github.com/woocommerce/woocommerce/releases/tag/3.2.4,https://github.com/woocommerce/woocommerce/blob/master/changelog.txt ; https://github.com/woocommerce/woocommerce/blob/master/tests/e2e/api/CHANGELOG.md ; https://github.com/woocommerce/woocommerce/blob/master/tests/e2e/core-tests/CHANGELOG.md ; https://github.com/woocommerce/woocommerce/blob/master/tests/e2e/env/CHANGELOG.md ; https://github.com/woocommerce/woocommerce/blob/master/tests/e2e/utils/CHANGELOG.md,https://snyk.io/vuln/SNYK-PHP-WOOCOMMERCEWOOCOMMERCE-73653,y,,changelog,,n,,fix reference,y,n,,,maybe the fix is mentioned but can't tell without further information,361,y,,
SNYK-PYTHON-APACHEAIRFLOW-174175,Cross-site Request Forgery (CSRF),pip,apache-airflow,1.10.3,https://github.com/apache/airflow,https://github.com/apache/airflow/releases/tag/1.10.3,https://github.com/apache/airflow/blob/master/airflow/providers/airbyte/CHANGELOG.rst ; https://github.com/apache/airflow/blob/master/airflow/providers/amazon/CHANGELOG.rst ; https://github.com/apache/airflow/blob/master/airflow/providers/apache/beam/CHANGELOG.rst ; https://github.com/apache/airflow/blob/master/airflow/providers/apache/cassandra/CHANGELOG.rst ; https://github.com/apache/airflow/blob/master/airflow/providers/apache/druid/CHANGELOG.rst ; https://github.com/apache/airflow/blob/master/airflow/providers/apache/hdfs/CHANGELOG.rst ; https://github.com/apache/airflow/blob/master/airflow/providers/apache/hive/CHANGELOG.rst ; https://github.com/apache/airflow/blob/master/airflow/providers/apache/kylin/CHANGELOG.rst ; https://github.com/apache/airflow/blob/master/airflow/providers/apache/livy/CHANGELOG.rst ; https://github.com/apache/airflow/blob/master/airflow/providers/apache/pig/CHANGELOG.rst ; https://github.com/apache/airflow/blob/master/airflow/providers/apache/pinot/CHANGELOG.rst ; https://github,https://snyk.io/vuln/SNYK-PYTHON-APACHEAIRFLOW-174175,y,github release note,github release note,,y,,fix reference;advisory reference,y,n,,,,363,d,Did a keyword search to find the related fix,
SNYK-PYTHON-APACHEAIRFLOW-570290,Insecure Default,pip,apache-airflow,1.10.11,https://github.com/apache/airflow,https://github.com/apache/airflow/releases/tag/1.10.11,https://github.com/apache/airflow/blob/master/airflow/providers/airbyte/CHANGELOG.rst ; https://github.com/apache/airflow/blob/master/airflow/providers/amazon/CHANGELOG.rst ; https://github.com/apache/airflow/blob/master/airflow/providers/apache/beam/CHANGELOG.rst ; https://github.com/apache/airflow/blob/master/airflow/providers/apache/cassandra/CHANGELOG.rst ; https://github.com/apache/airflow/blob/master/airflow/providers/apache/druid/CHANGELOG.rst ; https://github.com/apache/airflow/blob/master/airflow/providers/apache/hdfs/CHANGELOG.rst ; https://github.com/apache/airflow/blob/master/airflow/providers/apache/hive/CHANGELOG.rst ; https://github.com/apache/airflow/blob/master/airflow/providers/apache/kylin/CHANGELOG.rst ; https://github.com/apache/airflow/blob/master/airflow/providers/apache/livy/CHANGELOG.rst ; https://github.com/apache/airflow/blob/master/airflow/providers/apache/pig/CHANGELOG.rst ; https://github.com/apache/airflow/blob/master/airflow/providers/apache/pinot/CHANGELOG.rst ; https://github,https://snyk.io/vuln/SNYK-PYTHON-APACHEAIRFLOW-570290,y,github release note,github release note,,y,PR referenced,fix reference,y,n,,,,364,y,,
SNYK-PYTHON-APACHESUPERSET-1014658,Information Exposure,pip,apache-superset,0.37.2,https://github.com/apache/superset,https://github.com/apache/superset/releases/tag/0.37.2,https://github.com/apache/superset/blob/master/CHANGELOG.md,https://snyk.io/vuln/SNYK-PYTHON-APACHESUPERSET-1014658,y,github release note,github release note,,n,,fix reference;advisory reference,n,n,,,,365,y,,
SNYK-PYTHON-BIRDHOUSEBUILDERRECIPENGINX-42102,Man-in-the-Middle (MitM),pip,birdhousebuilder-recipe-nginx,0.1.5,https://github.com/bird-house/birdhousebuilder.recipe.nginx,not found through script,https://github.com/bird-house/birdhousebuilder.recipe.nginx/blob/master/CHANGES.rst,https://snyk.io/vuln/SNYK-PYTHON-BIRDHOUSEBUILDERRECIPENGINX-42102,y,changelog,changelog,,y,summary of fix; attack type mentioned,vulnerability description;fix reference,n,n,,,,367,y,,
SNYK-PYTHON-BLEACH-552160,Cross-site Scripting (XSS),pip,bleach,3.1.1,https://github.com/mozilla/bleach,not found through script,https://github.com/mozilla/bleach/blob/master/CHANGES ; https://github.com/mozilla/bleach/blob/master/docs/changes.rst,https://snyk.io/vuln/SNYK-PYTHON-BLEACH-552160,y,https://github.com/mozilla/bleach/blob/master/CHANGES; changelog,changelog,,y,"security explicitly mentioned; affected fuction; vulnerability type, descriptio, severity; affected version ",security notice;affected version listed;vulnerability description;affected component listed,n,n,,,,368,y,,
SNYK-PYTHON-BUILDBOT-73642,CRLF injection,pip,buildbot,1.8.1,https://github.com/buildbot/buildbot,https://github.com/buildbot/buildbot/releases/tag/v1.8.1,https://github.com/buildbot/buildbot/blob/master/master/docs/developer/cls-changesources.rst ; https://github.com/buildbot/buildbot/blob/master/master/docs/developer/database/changes.rst ; https://github.com/buildbot/buildbot/blob/master/master/docs/developer/database/changesources.rst ; https://github.com/buildbot/buildbot/blob/master/master/docs/developer/raml/change.rst ; https://github.com/buildbot/buildbot/blob/master/master/docs/developer/raml/changesource.rst ; https://github.com/buildbot/buildbot/blob/master/master/docs/manual/configuration/changesources.rst,https://snyk.io/vuln/SNYK-PYTHON-BUILDBOT-73642,y,http://docs.buildbot.net/current/relnotes/1.x.html#release-notes-for-buildbot-1-8-1-2019-02-02; changelog; homepage announcement;,changelog,,y,vulnerability explicitly mentioned; type and description; link to details,security notice;vulnerability description;advisory reference,n,n,,,,370,y,,
SNYK-PYTHON-CCF-609299,Replay Attack,pip,ccf,0.7,https://github.com/microsoft/CCF,https://github.com/microsoft/CCF/releases/tag/v0.7,https://github.com/microsoft/CCF/blob/master/3rdparty/exported/quickjs/Changelog ; https://github.com/microsoft/CCF/blob/master/CHANGELOG.md,https://snyk.io/vuln/SNYK-PYTHON-CCF-609299,y,github release note,github release note,,y,vulnerability explicitly mentioned; attack type; PR reference,security notice;vulnerability description;fix reference,y,y,required action,action required,,372,y,,
SNYK-PYTHON-COLLECTIVENOTICEBOARD-42133,Improper Validation,pip,collective-noticeboard,0.7.1,https://github.com/collective/collective.noticeboard,not found through script,https://github.com/collective/collective.noticeboard/blob/master/CHANGES.txt,https://snyk.io/vuln/SNYK-PYTHON-COLLECTIVENOTICEBOARD-42133,y,changelog,changelog,,y,security mentioned; issue referenced; vulnerability description,security notice;fix reference;vulnerability description,n,n,,,,374,y,,
SNYK-PYTHON-CONFLUENTKAFKA-565716,Buffer Overflow,pip,confluent-kafka,1.4.0,https://github.com/confluentinc/confluent-kafka-python,https://github.com/confluentinc/confluent-kafka-python/releases/tag/v1.4.0,https://github.com/confluentinc/confluent-kafka-python/blob/master/CHANGELOG.md ; https://github.com/confluentinc/confluent-kafka-python/blob/master/tools/RELEASE.md,https://snyk.io/vuln/SNYK-PYTHON-CONFLUENTKAFKA-565716,y,github release note; changelog,github release note,,y,security notice; affected component; details of vuln; attack type; way to exploit,security notice;vulnerability description;fix reference;exploit,y,n,,,,375,y,Nasif didn't include is_uc,
SNYK-PYTHON-DATASETTE-598229,Information Exposure,pip,datasette,0.46,https://github.com/simonw/datasette,https://github.com/simonw/datasette/releases/tag/0.46,https://github.com/simonw/datasette/blob/master/docs/changelog.rst,https://snyk.io/vuln/SNYK-PYTHON-DATASETTE-598229,y,github release note; changelog,changelog,,y,security notice; vuln type; severity; issue referenced,security notice;vulnerability description;fix reference,y,n,,,,376,y,,
SNYK-PYTHON-DJANGO-40779,Regular Expression Denial of Service (ReDoS),pip,django,1.11.11,https://github.com/django/django,not found through script,https://github.com/django/django/blob/master/django/contrib/admin/templates/admin/auth/user/change_password.html ; https://github.com/django/django/blob/master/django/contrib/admin/templates/admin/change_form_object_tools.html ; https://github.com/django/django/blob/master/django/contrib/admin/templates/admin/change_form.html ; https://github.com/django/django/blob/master/django/contrib/admin/templates/admin/change_list_object_tools.html ; https://github.com/django/django/blob/master/django/contrib/admin/templates/admin/change_list_results.html ; https://github.com/django/django/blob/master/django/contrib/admin/templates/admin/change_list.html ; https://github.com/django/django/blob/master/django/contrib/admin/templates/admin/object_history.html ; https://github.com/django/django/blob/master/django/contrib/admin/templates/registration/password_change_done.html ; https://github.com/django/django/blob/master/django/contrib/admin/templates/registration/password_change_form.html ; https://github.com/django/django,https://snyk.io/vuln/SNYK-PYTHON-DJANGO-40779,y,mailing list; homepage; https://docs.djangoproject.com/en/3.2/releases/1.11.11/,homepage announcement,,y,security notice; cve mentioned; affected api; vuln type;,security notice;vulnerability description;advisory reference;affected component listed,y,n,,,,377,d,,
SNYK-PYTHON-DJANGO-40779,Regular Expression Denial of Service (ReDoS),pip,django,1.8.19,https://github.com/django/django,not found through script,https://github.com/django/django/blob/master/django/contrib/admin/templates/admin/auth/user/change_password.html ; https://github.com/django/django/blob/master/django/contrib/admin/templates/admin/change_form_object_tools.html ; https://github.com/django/django/blob/master/django/contrib/admin/templates/admin/change_form.html ; https://github.com/django/django/blob/master/django/contrib/admin/templates/admin/change_list_object_tools.html ; https://github.com/django/django/blob/master/django/contrib/admin/templates/admin/change_list_results.html ; https://github.com/django/django/blob/master/django/contrib/admin/templates/admin/change_list.html ; https://github.com/django/django/blob/master/django/contrib/admin/templates/admin/object_history.html ; https://github.com/django/django/blob/master/django/contrib/admin/templates/registration/password_change_done.html ; https://github.com/django/django/blob/master/django/contrib/admin/templates/registration/password_change_form.html ; https://github.com/django/django,https://snyk.io/vuln/SNYK-PYTHON-DJANGO-40779,y,mailing list; homepage,homepage announcement,,y,security notice; cve mentioned; affected api; vuln type;,security notice;vulnerability description;advisory reference;affected component listed,y,n,,,,378,d,,
SNYK-PYTHON-DJANGO-40779,Regular Expression Denial of Service (ReDoS),pip,django,2.0.3,https://github.com/django/django,not found through script,https://github.com/django/django/blob/master/django/contrib/admin/templates/admin/auth/user/change_password.html ; https://github.com/django/django/blob/master/django/contrib/admin/templates/admin/change_form_object_tools.html ; https://github.com/django/django/blob/master/django/contrib/admin/templates/admin/change_form.html ; https://github.com/django/django/blob/master/django/contrib/admin/templates/admin/change_list_object_tools.html ; https://github.com/django/django/blob/master/django/contrib/admin/templates/admin/change_list_results.html ; https://github.com/django/django/blob/master/django/contrib/admin/templates/admin/change_list.html ; https://github.com/django/django/blob/master/django/contrib/admin/templates/admin/object_history.html ; https://github.com/django/django/blob/master/django/contrib/admin/templates/registration/password_change_done.html ; https://github.com/django/django/blob/master/django/contrib/admin/templates/registration/password_change_form.html ; https://github.com/django/django,https://snyk.io/vuln/SNYK-PYTHON-DJANGO-40779,y,mailing list; homepage,homepage announcement,,y,security notice; cve mentioned; affected api; vuln type;,security notice;vulnerability description;advisory reference;affected component listed,y,n,,,,379,d,,
SNYK-PYTHON-DJANGOCOUNCILMATIC-609306,Cross-site Scripting (XSS),pip,django-councilmatic,2.5.9,https://github.com/datamade/django-councilmatic,https://github.com/datamade/django-councilmatic/releases/tag/v2.5.9,no changlog found in script,https://snyk.io/vuln/SNYK-PYTHON-DJANGOCOUNCILMATIC-609306,y,github release note; changelog,github release note,,y,pr referenced; vulenerability type; explicit mention,security notice;fix reference;vulnerability description,n,n,,,,382,y,,
SNYK-PYTHON-DJANGOREQUESTLOGGING-450915,Information Exposure,pip,django-request-logging,0.6.9,https://github.com/Rhumbix/django-request-logging,not found through script,no changlog found in script,https://snyk.io/vuln/SNYK-PYTHON-DJANGOREQUESTLOGGING-450915,y,,github release note,,y,,fix reference,y,n,,,,383,d,is_doc y vs n,
SNYK-PYTHON-DYNAMODBENCRYPTIONSDK-1070809,Improper Authorization,pip,dynamodb-encryption-sdk,1.3.0,https://github.com/aws/aws-dynamodb-encryption-python,https://github.com/aws/aws-dynamodb-encryption-python/releases/tag/v1.3.0,https://github.com/aws/aws-dynamodb-encryption-python/blob/master/CHANGELOG.rst,https://snyk.io/vuln/SNYK-PYTHON-DYNAMODBENCRYPTIONSDK-1070809,y,github release note; changelog,changelog,,y,summary of fix; vulnerability description; affected component,vulnerability description;fix reference;affected component listed,n,y,affected api listed; insecure api- will remove later,affected api listed,,384,y,,
SNYK-PYTHON-ELASTICAPPSEARCH-571376,Cross-site Scripting (XSS),pip,elastic-app-search,7.7.0,https://github.com/elastic/app-search-python,https://github.com/elastic/app-search-python/releases/tag/v7.7.0,no changlog found in script,https://snyk.io/vuln/SNYK-PYTHON-ELASTICAPPSEARCH-571376,n,,,,n,,,n,n,,,,385,y,,
SNYK-PYTHON-IMAGEIO-564348,Arbitrary Code Injection,pip,imageio,2.6.0,https://github.com/imageio/imageio,https://github.com/imageio/imageio/releases/tag/v2.6.0,https://github.com/imageio/imageio/blob/master/CHANGELOG.md,https://snyk.io/vuln/SNYK-PYTHON-IMAGEIO-564348,y,changelog,changelog,,y,security mention; risk explanation; configuration,security notice;vulnerability description;affected configuration,y,n,,,,387,y,,
SNYK-PYTHON-INVENIORECORDS-455834,Cross-site Scripting (XSS),pip,invenio-records,1.0.2,https://github.com/inveniosoftware/invenio-records,not found through script,https://github.com/inveniosoftware/invenio-records/blob/master/CHANGES.rst ; https://github.com/inveniosoftware/invenio-records/blob/master/docs/changes.rst,https://snyk.io/vuln/SNYK-PYTHON-INVENIORECORDS-455834,y,changelog,changelog,,y,vulnerability mention; type; component;,security notice;vulnerability description;affected component listed,n,n,,,,389,y,,
SNYK-PYTHON-INVENIORECORDS-455834,Cross-site Scripting (XSS),pip,invenio-records,1.1.1,https://github.com/inveniosoftware/invenio-records,not found through script,https://github.com/inveniosoftware/invenio-records/blob/master/CHANGES.rst ; https://github.com/inveniosoftware/invenio-records/blob/master/docs/changes.rst,https://snyk.io/vuln/SNYK-PYTHON-INVENIORECORDS-455834,y,changelog,changelog,,y,vulnerability mention; type; component;,security notice;vulnerability description;affected component listed,n,n,,,,390,y,,
SNYK-PYTHON-INVENIORECORDS-455834,Cross-site Scripting (XSS),pip,invenio-records,1.2.2,https://github.com/inveniosoftware/invenio-records,not found through script,https://github.com/inveniosoftware/invenio-records/blob/master/CHANGES.rst ; https://github.com/inveniosoftware/invenio-records/blob/master/docs/changes.rst,https://snyk.io/vuln/SNYK-PYTHON-INVENIORECORDS-455834,y,changelog,changelog,,y,vulnerability mention; type; component;,security notice;vulnerability description;affected component listed,n,n,,,,391,y,,
SNYK-PYTHON-OCTAVIA-174798,Incorrect Access Control,pip,octavia,0.9.0,https://github.com/openstack/octavia,not found through script,https://github.com/openstack/octavia/blob/master/releasenotes/source/unreleased.rst,https://snyk.io/vuln/SNYK-PYTHON-OCTAVIA-174798,y,https://docs.openstack.org/releasenotes/octavia/newton.html,homepage announcement,,y,security notice; summary of fix; affected component,security notice;fix reference;affected component listed,y,y,required upgrade for security fix,action required,,394,y,,
SNYK-PYTHON-OIC-1047572,Cryptographic Issues,pip,oic,1.2.1,https://github.com/OpenIDC/pyoidc,https://github.com/OpenIDC/pyoidc/releases/tag/1.2.1,https://github.com/OpenIDC/pyoidc/blob/master/CHANGELOG.md,https://snyk.io/vuln/SNYK-PYTHON-OIC-1047572,y,,github release note,,y,security notice; cve mentioned,security notice;advisory reference,n,n,,,,395,y,,
SNYK-PYTHON-OSBSCLIENT-451566,Arbitrary Code Execution,pip,osbs-client,0.56.1,https://github.com/projectatomic/osbs-client,https://github.com/containerbuildsystem/osbs-client/releases/tag/0.56.1,no changlog found in script,https://snyk.io/vuln/SNYK-PYTHON-OSBSCLIENT-451566,y,,github release note,,y,cve mentioned; vuln details,vulnerability description;security notice;advisory reference,y,y,api changes; configuration changes,affected configuration;affected api listed,,396,y,,
SNYK-PYTHON-PATRONI-1077063,Timing Attack,pip,patroni,2.0.2,https://github.com/zalando/patroni,https://github.com/zalando/patroni/releases/tag/v2.0.2,https://github.com/zalando/patroni/blob/master/docs/releases.rst,https://snyk.io/vuln/SNYK-PYTHON-PATRONI-1077063,y,,changelog,,y,summary of fix; affected component,fix reference;affected component listed,y,n,,,,397,y,,
SNYK-PYTHON-PERSONNUMMER-674152,Improper Input Validation,pip,personnummer,3.0.2,https://github.com/personnummer/python,https://github.com/personnummer/python/releases/tag/v3.0.2,no changlog found in script,https://snyk.io/vuln/SNYK-PYTHON-PERSONNUMMER-674152,y,,github release note,,y,vulnerability details,vulnerability description,n,n,,,,398,y,,
SNYK-PYTHON-PLATFORMIO-568834,Arbitrary File Write via Archive Extraction (Zip Slip),pip,platformio,4.1.0,https://github.com/platformio/platformio-core,https://github.com/platformio/platformio-core/releases/tag/v4.1.0,https://github.com/platformio/platformio-core/blob/master/HISTORY.rst,https://snyk.io/vuln/SNYK-PYTHON-PLATFORMIO-568834,y,,github release note,,y,commit isue referenced; security mentioned,fix reference;affected component listed,y,n,,,,399,y,,
SNYK-PYTHON-PYINSTALLER-541867,Execution with Unnecessary Privileges,pip,pyinstaller,3.6,https://github.com/pyinstaller/pyinstaller,https://github.com/pyinstaller/pyinstaller/releases/tag/v3.6,https://github.com/pyinstaller/pyinstaller/blob/master/doc/CHANGES-1.rst ; https://github.com/pyinstaller/pyinstaller/blob/master/doc/CHANGES-2.rst ; https://github.com/pyinstaller/pyinstaller/blob/master/doc/CHANGES-3.rst ; https://github.com/pyinstaller/pyinstaller/blob/master/doc/CHANGES.rst ; https://github.com/pyinstaller/pyinstaller/blob/master/doc/development/changelog-entries.rst ; https://github.com/pyinstaller/pyinstaller/blob/master/scripts/do_prerelease ; https://github.com/pyinstaller/pyinstaller/blob/master/scripts/do_release,https://snyk.io/vuln/SNYK-PYTHON-PYINSTALLER-541867,y,changelog; homepage,changelog,,y,security mention; cve mentioned; affected configuration; vulnerability detais,security notice;vulnerability description;advisory reference;affected configuration,y,n,,,,400,y,,
SNYK-PYTHON-PYRADIOMICS-42174,Arbitrary Code Injection,pip,pyradiomics,1.1.1,https://github.com/Radiomics/pyradiomics,https://github.com/AIM-Harvard/pyradiomics/releases/tag/1.1.1,https://github.com/Radiomics/pyradiomics/blob/master/CHANGES.rst ; https://github.com/Radiomics/pyradiomics/blob/master/docs/changes.rst,https://snyk.io/vuln/SNYK-PYTHON-PYRADIOMICS-42174,y,github release note; changelog,changelog,,y,"sumary of fix, PR",fix reference,y,n,,,,401,d,"Breaking change codes is not there in Nasif, but it says Y",
SNYK-PYTHON-PYRO-72279,Arbitrary File Overwrite,pip,pyro,3.15,https://github.com/irmen/Pyro3,not found through script,https://github.com/irmen/Pyro3/blob/master/docs/12-changes-archive.html ; https://github.com/irmen/Pyro3/blob/master/docs/12-changes.html,https://snyk.io/vuln/SNYK-PYTHON-PYRO-72279,y,,changelog,,y,summary of fix; pr; security mention,security notice;fix reference,y,n,,,,404,y,,
SNYK-PYTHON-PYTORCHLIGHTNING-609296,Arbitrary Shell Injection,pip,pytorch-lightning,0.9.0,https://github.com/PyTorchLightning/pytorch-lightning,https://github.com/PyTorchLightning/pytorch-lightning/releases/tag/0.9.0,https://github.com/PyTorchLightning/pytorch-lightning/blob/master/CHANGELOG.md,https://snyk.io/vuln/SNYK-PYTHON-PYTORCHLIGHTNING-609296,y,,github release note,,y,pr reference; mention of security vulneraibility\,security notice;fix reference,y,n,,,,405,y,,
SNYK-PYTHON-TENSORFLOWGPU-1013560,Uninitialized Memory Exposure,pip,tensorflow-gpu,2.2.1,https://github.com/tensorflow/tensorflow,https://github.com/tensorflow/tensorflow/releases/tag/v2.2.1,https://github.com/tensorflow/tensorflow/blob/master/RELEASE.md ; https://github.com/tensorflow/tensorflow/blob/master/tensorflow/core/ops/compat/ops_history.v0.pbtxt ; https://github.com/tensorflow/tensorflow/blob/master/tensorflow/core/ops/compat/ops_history.v2.pbtxt ; https://github.com/tensorflow/tensorflow/blob/master/tensorflow/lite/tools/pip_package/debian/changelog ; https://github.com/tensorflow/tensorflow/blob/master/tensorflow/tools/api/golden/v1/tensorflow.keras.callbacks.-history.pbtxt ; https://github.com/tensorflow/tensorflow/blob/master/tensorflow/tools/api/golden/v2/tensorflow.keras.callbacks.-history.pbtxt,https://snyk.io/vuln/SNYK-PYTHON-TENSORFLOWGPU-1013560,y,changelog; github release note,changelog,,y,vulnerability and cve mentioned; api mentioned,security notice;advisory reference;affected component listed,y,n,,,,420,y,,
SNYK-PYTHON-TENSORFLOWGPU-1013560,Uninitialized Memory Exposure,pip,tensorflow-gpu,2.3.1,https://github.com/tensorflow/tensorflow,https://github.com/tensorflow/tensorflow/releases/tag/v2.3.1,https://github.com/tensorflow/tensorflow/blob/master/RELEASE.md ; https://github.com/tensorflow/tensorflow/blob/master/tensorflow/core/ops/compat/ops_history.v0.pbtxt ; https://github.com/tensorflow/tensorflow/blob/master/tensorflow/core/ops/compat/ops_history.v2.pbtxt ; https://github.com/tensorflow/tensorflow/blob/master/tensorflow/lite/tools/pip_package/debian/changelog ; https://github.com/tensorflow/tensorflow/blob/master/tensorflow/tools/api/golden/v1/tensorflow.keras.callbacks.-history.pbtxt ; https://github.com/tensorflow/tensorflow/blob/master/tensorflow/tools/api/golden/v2/tensorflow.keras.callbacks.-history.pbtxt,https://snyk.io/vuln/SNYK-PYTHON-TENSORFLOWGPU-1013560,y,changelog; github release note,changelog,,y,vulnerability and cve mentioned; api mentioned,security notice;advisory reference;affected component listed,y,n,,,,421,y,,
SNYK-PYTHON-THRIFT-564343,Denial of Service (DoS),pip,thrift,0.9.0,no repository listed,not found through script,https://github.com/apache/thrift/blob/master/CHANGES.md,https://snyk.io/vuln/SNYK-PYTHON-THRIFT-564343,y,,changelog,,y,attack type; function,vulnerability description;affected component listed,y,n,,,,422,y,Aniqa could not find the repo the first time!,
SNYK-PYTHON-TWISTED-564357,HTTP Header Injection,pip,twisted,19.2.0,https://github.com/twisted/twisted,not found through script,https://github.com/twisted/twisted/blob/master/bin/admin/check-newsfragment ; https://github.com/twisted/twisted/blob/master/docs/core/development/policy/release-process.rst ; https://github.com/twisted/twisted/blob/master/docs/historic/NEWS.rst ; https://github.com/twisted/twisted/blob/master/NEWS.rst,https://snyk.io/vuln/SNYK-PYTHON-TWISTED-564357,y,,changelog,,y,affected fucntion; pr reference; attack type; summary fix; vulnerable attack mentioned,vulnerability description;security notice;fix reference;affected component listed,y,n,,,,423,y,,
SNYK-RUBY-ACTIONVIEW-632514,Cross-site Scripting (XSS),RubyGems,actionview,5.2.4.4,https://github.com/rails/rails/tree/v6.1.3.1/actionview,https://github.com/rails/rails/releases/tag/v5.2.4.4,https://github.com/rails/rails/blob/masteres/CHANGELOG.md ; https://github.com/rails/rails/blob/masteres/source/2_2_release_notes.md ; https://github.com/rails/rails/blob/masteres/source/2_3_release_notes.md ; https://github.com/rails/rails/blob/masteres/source/3_0_release_notes.md ; https://github.com/rails/rails/blob/masteres/source/3_1_release_notes.md ; https://github.com/rails/rails/blob/masteres/source/3_2_release_notes.md ; https://github.com/rails/rails/blob/masteres/source/4_0_release_notes.md ; https://github.com/rails/rails/blob/masteres/source/4_1_release_notes.md ; https://github.com/rails/rails/blob/masteres/source/4_2_release_notes.md ; https://github.com/rails/rails/blob/masteres/source/5_0_release_notes.md ; https://github.com/rails/rails/blob/masteres/source/5_1_release_notes.md ; https://github.com/rails/rails/blob/masteres/source/5_2_release_notes.md ; https://github.com/rails/rails/blob/masteres/source/6_0_release_notes.md ; https://github.com/rails/rails/blob/masteres/source/6_1_release_,https://snyk.io/vuln/SNYK-RUBY-ACTIONVIEW-632514,y,,github release note,,y,cve link; vuln type; affected component,vulnerability description;advisory reference;affected component listed,n,n,,,,426,y,,
SNYK-RUBY-ACTIONVIEW-632514,Cross-site Scripting (XSS),RubyGems,actionview,6.0.3.3,https://github.com/rails/rails/tree/v6.1.3.1/actionview,https://github.com/rails/rails/releases/tag/v6.0.3.3,https://github.com/rails/rails/blob/masteres/CHANGELOG.md ; https://github.com/rails/rails/blob/masteres/source/2_2_release_notes.md ; https://github.com/rails/rails/blob/masteres/source/2_3_release_notes.md ; https://github.com/rails/rails/blob/masteres/source/3_0_release_notes.md ; https://github.com/rails/rails/blob/masteres/source/3_1_release_notes.md ; https://github.com/rails/rails/blob/masteres/source/3_2_release_notes.md ; https://github.com/rails/rails/blob/masteres/source/4_0_release_notes.md ; https://github.com/rails/rails/blob/masteres/source/4_1_release_notes.md ; https://github.com/rails/rails/blob/masteres/source/4_2_release_notes.md ; https://github.com/rails/rails/blob/masteres/source/5_0_release_notes.md ; https://github.com/rails/rails/blob/masteres/source/5_1_release_notes.md ; https://github.com/rails/rails/blob/masteres/source/5_2_release_notes.md ; https://github.com/rails/rails/blob/masteres/source/6_0_release_notes.md ; https://github.com/rails/rails/blob/masteres/source/6_1_release_,https://snyk.io/vuln/SNYK-RUBY-ACTIONVIEW-632514,y,,github release note,,y,cve link; vuln type; affected component,vulnerability description;advisory reference;affected component listed,n,n,,,,427,y,,
SNYK-RUBY-BUNDLER-1078261,Unsafe Dependency Resolution,RubyGems,bundler,2.2.10,https://github.com/rubygems/rubygems/,https://github.com/rubygems/rubygems/releases/tag/bundler-v2.2.10,https://github.com/rubygems/rubygems/blob/masterrubygems/bundler/CHANGELOG.md ; https://github.com/rubygems/rubygems/blob/masterrubygems/bundler/doc/playbooks/TEAM_CHANGES.md ; https://github.com/rubygems/rubygems/blob/masterrubygems/CHANGELOG.md,https://snyk.io/vuln/SNYK-RUBY-BUNDLER-1078261,y,,changelog,,y,security mention; PR referenced,security notice;fix reference,y,n,,,,428,y,,
SNYK-RUBY-DEVISETOKENAUTH-469060,Cross-site Scripting (XSS),RubyGems,devise_token_auth,1.1.4,https://github.com/lynndylanhurley/devise_token_auth,not found through script,https://github.com/lynndylanhurley/devise_token_auth/blob/master/CHANGELOG.md,https://snyk.io/vuln/SNYK-RUBY-DEVISETOKENAUTH-469060,y,,changelog,Y,y,cve mention; PR,fix reference;advisory reference,y,n,,,,429,y,,
SNYK-RUBY-FATFREECRM-451554,Cross-site Scripting (XSS),RubyGems,fat_free_crm,0.14.2,https://github.com/fatfreecrm/fat_free_crm,https://github.com/fatfreecrm/fat_free_crm/releases/tag/v0.14.2,https://github.com/fatfreecrm/fat_free_crm/blob/master/CHANGELOG.md,https://snyk.io/vuln/SNYK-RUBY-FATFREECRM-451554,y,,github release note,,y,vuln type; affected function,vulnerability description;affected component listed,n,n,,,changelog is maintained but does not include this release,430,y,,
SNYK-RUBY-FATFREECRM-451554,Cross-site Scripting (XSS),RubyGems,fat_free_crm,0.15.2,https://github.com/fatfreecrm/fat_free_crm,https://github.com/fatfreecrm/fat_free_crm/releases/tag/v0.15.2,https://github.com/fatfreecrm/fat_free_crm/blob/master/CHANGELOG.md,https://snyk.io/vuln/SNYK-RUBY-FATFREECRM-451554,y,,github release note,,y,vuln type; affected function,vulnerability description;affected component listed,n,n,,,changelog is maintained but does not include this release,431,y,,
SNYK-RUBY-FATFREECRM-451554,Cross-site Scripting (XSS),RubyGems,fat_free_crm,0.16.4,https://github.com/fatfreecrm/fat_free_crm,https://github.com/fatfreecrm/fat_free_crm/releases/tag/v0.16.4,https://github.com/fatfreecrm/fat_free_crm/blob/master/CHANGELOG.md,https://snyk.io/vuln/SNYK-RUBY-FATFREECRM-451554,y,,github release note,,y,vuln type; affected function,vulnerability description;affected component listed,n,n,,,changelog is maintained but does not include this release,432,y,,
SNYK-RUBY-FATFREECRM-451554,Cross-site Scripting (XSS),RubyGems,fat_free_crm,0.17.3,https://github.com/fatfreecrm/fat_free_crm,https://github.com/fatfreecrm/fat_free_crm/releases/tag/v0.17.3,https://github.com/fatfreecrm/fat_free_crm/blob/master/CHANGELOG.md,https://snyk.io/vuln/SNYK-RUBY-FATFREECRM-451554,y,,github release note,,y,vuln type; affected function,vulnerability description;affected component listed,n,n,,,changelog is maintained but does not include this release,433,y,,
SNYK-RUBY-FATFREECRM-451554,Cross-site Scripting (XSS),RubyGems,fat_free_crm,0.18.1,https://github.com/fatfreecrm/fat_free_crm,https://github.com/fatfreecrm/fat_free_crm/releases/tag/v0.18.1,https://github.com/fatfreecrm/fat_free_crm/blob/master/CHANGELOG.md,https://snyk.io/vuln/SNYK-RUBY-FATFREECRM-451554,y,,github release note,,y,vuln type; affected function,vulnerability description;affected component listed,n,n,,,changelog is maintained but does not include this release,434,y,,
SNYK-RUBY-FAYE-567843,Cross-Site Request Forgery (CSRF),RubyGems,faye,1.1.0,https://github.com/faye/faye,not found through script,https://github.com/faye/faye/blob/master/CHANGELOG.md,https://snyk.io/vuln/SNYK-RUBY-FAYE-567843,y,,changelog,Y,y,attack type; advisory reference,vulnerability description;advisory reference,n,n,,,,435,y,,
SNYK-RUBY-JQUERYRAILS-565439,Cross-site Scripting (XSS),RubyGems,jquery-rails,4.4.0,https://github.com/rails/jquery-rails,not found through script,https://github.com/rails/jquery-rails/blob/master/CHANGELOG.md,https://snyk.io/vuln/SNYK-RUBY-JQUERYRAILS-565439,y,,changelog,,y,security notice; advisory link,security notice;advisory reference,y,n,,,,436,y,,
SNYK-RUBY-KRAMDOWN-585939,Remote Code Execution,RubyGems,kramdown,2.3.0,https://github.com/gettalong/kramdown,not found through script,no changlog found in script,https://snyk.io/vuln/SNYK-RUBY-KRAMDOWN-585939,y,https://github.com/gettalong/kramdown/tree/master/doc/news,changelog,,y,summary of fix; security issue; cve mention,security notice;fix reference;advisory reference,y,n,,,"In different format, like within doc, release news markdown document for each; major change can be listed not explicitly why",437,y,Aniqa could not find the release notes the first time!,
SNYK-RUBY-LODASHRAILS-559448,Prototype Pollution,RubyGems,lodash-rails,4.17.11,https://github.com/lodash/lodash,not found through script,https://github.com/lodash/lodash/blob/master/CHANGELOG,https://snyk.io/vuln/SNYK-RUBY-LODASHRAILS-559448,y,,changelog,,y,,fix reference;affected component listed,y,n,,,changelog in wiki,438,d,Nasif could not find the changelog?,
SNYK-RUBY-MINIMAGICK-451567,Remote Code Execution,RubyGems,mini_magick,4.9.4,https://github.com/minimagick/minimagick,https://github.com/minimagick/minimagick/releases/tag/v4.9.4,https://github.com/minimagick/minimagick/blob/master/CHANGELOG.md,https://snyk.io/vuln/SNYK-RUBY-MINIMAGICK-451567,y,,github release note,,y,vuln type; affected fucntion; vuln details; explicit mention,vulnerability description;security notice;affected component listed,y,n,,,,440,y,,
SNYK-RUBY-OAUTH-1012727,Man-in-the-Middle (MitM),RubyGems,oauth,0.5.5,https://github.com/oauth-xx/oauth-ruby,https://github.com/oauth-xx/oauth-ruby/releases/tag/v0.5.5,https://github.com/oauth-xx/oauth-ruby/blob/master/HISTORY,https://snyk.io/vuln/SNYK-RUBY-OAUTH-1012727,y,github release note; changelog,github release note,,y,security notice,security notice,y,n,,,changelog has only summary but longer while github release note talks about security fix,442,y,,
SNYK-RUBY-PERSONNUMMER-674155,Improper Input Validation,RubyGems,personnummer,3.0.1,https://github.com/c7/personnummer,not found through script,https://github.com/c7/personnummer/blob/master/Changelog,https://snyk.io/vuln/SNYK-RUBY-PERSONNUMMER-674155,y,,github release note,,y,vuln details; vuln mention,security notice;vulnerability description,n,n,,,,443,y,,
SNYK-RUBY-PUMA-570206,HTTP Request Smuggling,RubyGems,puma,3.12.6,https://github.com/puma/puma,not found through script,https://github.com/puma/puma/blob/master/History.md ; https://github.com/puma/puma/blob/master/Release.md,https://snyk.io/vuln/SNYK-RUBY-PUMA-570206,y,,changelog,,y,"security notice; cve mention; vuln type, details",security notice;vulnerability description;advisory reference,n,n,,,,444,y,,
SNYK-RUBY-PUMA-570206,HTTP Request Smuggling,RubyGems,puma,4.3.5,https://github.com/puma/puma,not found through script,https://github.com/puma/puma/blob/master/History.md ; https://github.com/puma/puma/blob/master/Release.md,https://snyk.io/vuln/SNYK-RUBY-PUMA-570206,y,,changelog,,y,"security notice; cve mention; vuln type, details",security notice;vulnerability description;advisory reference,n,n,,,,445,y,,
SNYK-RUBY-PUPPET-22031,Arbitrary Code Loading,RubyGems,puppet,5.3.7,https://github.com/puppetlabs/puppet,not found through script,https://github.com/puppetlabs/puppet/blob/master/acceptance/fixtures/debian-repo/Release,https://snyk.io/vuln/SNYK-RUBY-PUPPET-22031,n,,,,n,,,n,n,,,,446,y,,
SNYK-RUBY-PUPPET-22031,Arbitrary Code Loading,RubyGems,puppet,5.5.2,https://github.com/puppetlabs/puppet,not found through script,https://github.com/puppetlabs/puppet/blob/master/acceptance/fixtures/debian-repo/Release,https://snyk.io/vuln/SNYK-RUBY-PUPPET-22031,n,,,,n,,,n,n,,,,447,y,,
SNYK-RUBY-PUPPET-536102,Access Restriction Bypass,RubyGems,puppet,2.7.13,https://github.com/puppetlabs/puppet,not found through script,https://github.com/puppetlabs/puppet/blob/master/acceptance/fixtures/debian-repo/Release,https://snyk.io/vuln/SNYK-RUBY-PUPPET-536102,n,,,,n,,,n,n,,,,448,y,,
SNYK-RUBY-RAILS-536097,Improper Input Validation,RubyGems,rails,2.3.10,https://github.com/rails/rails,not found through script,https://github.com/rails/rails/blob/master/actioncable/CHANGELOG.md ; https://github.com/rails/rails/blob/master/actionmailbox/CHANGELOG.md ; https://github.com/rails/rails/blob/master/actionmailer/CHANGELOG.md ; https://github.com/rails/rails/blob/master/actionpack/CHANGELOG.md ; https://github.com/rails/rails/blob/master/actiontext/CHANGELOG.md ; https://github.com/rails/rails/blob/master/actionview/CHANGELOG.md ; https://github.com/rails/rails/blob/master/activejob/CHANGELOG.md ; https://github.com/rails/rails/blob/master/activemodel/CHANGELOG.md ; https://github.com/rails/rails/blob/master/activerecord/CHANGELOG.md ; https://github.com/rails/rails/blob/master/activestorage/CHANGELOG.md ; https://github.com/rails/rails/blob/master/activesupport/CHANGELOG.md ; https://github.com/rails/rails/blob/master/guides/CHANGELOG.md ; https://github.com/rails/rails/blob/master/guides/source/2_2_release_notes.md ; https://github.com/rails/rails/blob/master/guides/source/2_3_release_notes.md ; https://github.com/rails/r,https://snyk.io/vuln/SNYK-RUBY-RAILS-536097,y,,github release note,,y,security fix; cve mention,security notice;advisory reference,n,n,,,,450,y,,
SNYK-RUBY-RAILS-536097,Improper Input Validation,RubyGems,rails,3.0.1,https://github.com/rails/rails,not found through script,https://github.com/rails/rails/blob/master/actioncable/CHANGELOG.md ; https://github.com/rails/rails/blob/master/actionmailbox/CHANGELOG.md ; https://github.com/rails/rails/blob/master/actionmailer/CHANGELOG.md ; https://github.com/rails/rails/blob/master/actionpack/CHANGELOG.md ; https://github.com/rails/rails/blob/master/actiontext/CHANGELOG.md ; https://github.com/rails/rails/blob/master/actionview/CHANGELOG.md ; https://github.com/rails/rails/blob/master/activejob/CHANGELOG.md ; https://github.com/rails/rails/blob/master/activemodel/CHANGELOG.md ; https://github.com/rails/rails/blob/master/activerecord/CHANGELOG.md ; https://github.com/rails/rails/blob/master/activestorage/CHANGELOG.md ; https://github.com/rails/rails/blob/master/activesupport/CHANGELOG.md ; https://github.com/rails/rails/blob/master/guides/CHANGELOG.md ; https://github.com/rails/rails/blob/master/guides/source/2_2_release_notes.md ; https://github.com/rails/rails/blob/master/guides/source/2_3_release_notes.md ; https://github.com/rails/r,https://snyk.io/vuln/SNYK-RUBY-RAILS-536097,y,,github release note,,y,security fix; cve mention,security notice;advisory reference,n,n,,,,451,y,,
SNYK-RUBY-RAILSADMIN-1059268,Cross-site Scripting (XSS),RubyGems,rails_admin,2.0.2,https://github.com/sferik/rails_admin,not found through script,https://github.com/sferik/rails_admin/blob/master/CHANGELOG.md,https://snyk.io/vuln/SNYK-RUBY-RAILSADMIN-1059268,y,,changelog,,y,security noitce; vuln type; commit reference; affected component,security notice;vulnerability description;fix reference;affected component listed,y,n,,,,453,y,,
SNYK-RUBY-RAILSADMIN-22006,Cross-site Scripting (XSS),RubyGems,rails_admin,1.3.0,https://github.com/sferik/rails_admin,not found through script,https://github.com/sferik/rails_admin/blob/master/CHANGELOG.md,https://snyk.io/vuln/SNYK-RUBY-RAILSADMIN-22006,y,,changelog,,y,security noitce; vuln type; commit reference; affected component,security notice;vulnerability description;fix reference;affected component listed,y,n,,,,454,y,,
SNYK-RUBY-REDPARQUET-483028,Use of Uninitialized Variable,RubyGems,red-parquet,0.15.1,https://github.com/apache/arrow,not found through script,https://github.com/apache/arrow/blob/master/CHANGELOG.md ; https://github.com/apache/arrow/blob/master/cpp/CHANGELOG_PARQUET.md ; https://github.com/apache/arrow/blob/master/dev/tasks/linux-packages/apache-arrow-apt-source/debian/changelog ; https://github.com/apache/arrow/blob/master/dev/tasks/linux-packages/apache-arrow/debian/changelog ; https://github.com/apache/arrow/blob/master/java/api-changes.md ; https://github.com/apache/arrow/blob/master/r/NEWS.md ; https://github.com/apache/arrow/blob/master/rust/ballista/docs/release-process.md,https://snyk.io/vuln/SNYK-RUBY-REDPARQUET-483028,y,,changelog,,y,,fix reference,y,n,,,automatically genrated?,455,d,The issue number is listed,
SNYK-RUBY-RUBYGEMSUPDATE-598864,Arbitrary Code Injection,RubyGems,rubygems-update,2.7.9,https://github.com/rubygems/rubygems,not found through script,https://github.com/rubygems/rubygems/blob/master/bundler/CHANGELOG.md ; https://github.com/rubygems/rubygems/blob/master/bundler/doc/playbooks/TEAM_CHANGES.md ; https://github.com/rubygems/rubygems/blob/master/CHANGELOG.md,https://snyk.io/vuln/SNYK-RUBY-RUBYGEMSUPDATE-598864,y,,changelog,,y,security mention; cve mention; vuln details,security notice;vulnerability description;advisory reference,y,n,,,allsec,456,y,,
SNYK-RUBY-RUBYGEMSUPDATE-598864,Arbitrary Code Injection,RubyGems,rubygems-update,3.0.2,https://github.com/rubygems/rubygems,not found through script,https://github.com/rubygems/rubygems/blob/master/bundler/CHANGELOG.md ; https://github.com/rubygems/rubygems/blob/master/bundler/doc/playbooks/TEAM_CHANGES.md ; https://github.com/rubygems/rubygems/blob/master/CHANGELOG.md,https://snyk.io/vuln/SNYK-RUBY-RUBYGEMSUPDATE-598864,y,,changelog,,y,,vulnerability description;fix reference,y,n,,,,457,d,,
SNYK-RUBY-RUBYZIP-469156,Denial of Service (DoS),RubyGems,rubyzip,1.3.0,https://github.com/rubyzip/rubyzip,https://github.com/rubyzip/rubyzip/releases/tag/v1.3.0,https://github.com/rubyzip/rubyzip/blob/master/Changelog.md,https://snyk.io/vuln/SNYK-RUBY-RUBYZIP-469156,y,,changelog,,y,security mention; fux summary,security notice;fix reference,y,n,,,notice for future backward incompaitibility,459,y,,
SNYK-RUBY-SECUREHEADERS-543239,Command Injection,RubyGems,secure_headers,3.8.0,https://github.com/twitter/secureheaders,not found through script,https://github.com/twitter/secureheaders/blob/master/CHANGELOG.md,https://snyk.io/vuln/SNYK-RUBY-SECUREHEADERS-543239,n,,changelog,,,vuln type,vulnerability description,n,n,,,,460,d,no notes for this version,
SNYK-RUBY-SECUREHEADERS-543239,Command Injection,RubyGems,secure_headers,6.2.0,https://github.com/twitter/secureheaders,not found through script,https://github.com/twitter/secureheaders/blob/master/CHANGELOG.md,https://snyk.io/vuln/SNYK-RUBY-SECUREHEADERS-543239,y,,changelog,,y,,fix reference,n,n,,,releases in the old branch did not have a releas enote,462,d,,
SNYK-RUBY-SEQUEL-20443,Denial of Service (DoS),RubyGems,sequel,3.45.0,https://github.com/jeremyevans/sequel,not found through script,https://github.com/jeremyevans/sequel/blob/master/CHANGELOG,https://snyk.io/vuln/SNYK-RUBY-SEQUEL-20443,y,http://sequel.jeremyevans.net/rdoc/,changelog,,y,vuln mention; affected function,security notice;affected component listed,y,n,,,old doc removed,463,y,,
SNYK-RUBY-SHOPPE-20441,Cross-site Request Forgery (CSRF),RubyGems,shoppe,1.1.1,https://github.com/tryshoppe/shoppe,not found through script,https://github.com/tryshoppe/shoppe/blob/master/CHANGELOG.md,https://snyk.io/vuln/SNYK-RUBY-SHOPPE-20441,y,,changelog,,n,,,y,n,,,,464,y,,
SNYK-RUBY-SOLIDUSBACKEND-20473,Cross-site Scripting (XSS),RubyGems,solidus_backend,1.1.3,https://github.com/solidusio/solidus,https://github.com/solidusio/solidus/releases/tag/v1.1.3,https://github.com/solidusio/solidus/blob/master/CHANGELOG.md,https://snyk.io/vuln/SNYK-RUBY-SOLIDUSBACKEND-20473,y,,github release note,,y,security mention; link to mailing list discussion,security notice;advisory reference,n,n,,,why not cve,469,y,,
SNYK-RUBY-SOLIDUSBACKEND-20473,Cross-site Scripting (XSS),RubyGems,solidus_backend,1.2.1,https://github.com/solidusio/solidus,https://github.com/solidusio/solidus/releases/tag/v1.2.1,https://github.com/solidusio/solidus/blob/master/CHANGELOG.md,https://snyk.io/vuln/SNYK-RUBY-SOLIDUSBACKEND-20473,y,,github release note,,y,security mention; link to mailing list discussion,security notice;advisory reference,n,n,,,,470,y,,
SNYK-RUBY-SPREEBACKEND-20476,Cross-site Scripting (XSS),RubyGems,spree_backend,1.1.3,https://github.com/spree/spree,not found through script,https://github.com/spree/spree/blob/master/CHANGELOG.md,https://snyk.io/vuln/SNYK-RUBY-SPREEBACKEND-20476,y,,github release note,,n,,,n,n,,,why no cve,474,y,,
SNYK-RUBY-SQLITE3RUBY-536098,Access Restriction Bypass,RubyGems,sqlite3-ruby,1.2.4,https://github.com/luislavena/sqlite3-ruby,not found through script,no changlog found in script,https://snyk.io/vuln/SNYK-RUBY-SQLITE3RUBY-536098,y,https://github.com/sparklemotion/sqlite3-ruby/blob/master/CHANGELOG.rdoc,changelog,,n,,,y,n,,,,477,y,,
SNYK-RUBY-WEBSOCKETEXTENSIONS-570830,Regular Expression Denial of Service (ReDoS),RubyGems,websocket-extensions,0.1.5,https://github.com/faye/websocket-extensions-ruby,not found through script,https://github.com/faye/websocket-extensions-ruby/blob/master/CHANGELOG.md,https://snyk.io/vuln/SNYK-RUBY-WEBSOCKETEXTENSIONS-570830,y,,changelog,,y,vuln type; cve mention; affected component,vulnerability description;advisory reference;affected component listed,n,n,,,,479,y,,
SNYK-DOTNET-CONTENT-60135,Regular Expression Denial of Service (ReDoS),NuGet,content,3.0.6,https://github.com/hapijs/content,not found through script,no changlog found in script,https://snyk.io/vuln/SNYK-DOTNET-CONTENT-60135,n,https://hapi.dev/module/content/changelog/,,,n,,,n,n,,,,480,y,,
SNYK-DOTNET-DATATABLES-60137,Cross-site Scripting (XSS),NuGet,datatables,1.10.10,https://github.com/DataTables/DataTables,not found through script,no changlog found in script,https://snyk.io/vuln/SNYK-DOTNET-DATATABLES-60137,y,http://cdn.datatables.net/1.10.10/,homepage announcement,,y,summary fix; vuln type; affected function,vulnerability description;fix reference;affected component listed,y,n,,,,481,y,,
SNYK-DOTNET-FAVICOJS-60151,Cross-site Scripting (XSS),NuGet,favico.js,0.3.10,https://github.com/ejci/favico.js,not found through script,no changlog found in script,https://snyk.io/vuln/SNYK-DOTNET-FAVICOJS-60151,y,readme,changelog,,n,,,y,n,,,,482,d,is_doc is empty in process-frozen-nasif,
SNYK-DOTNET-KNOCKOUT-60180,Cross-site Scripting (XSS),NuGet,knockout,3.0.0,https://github.com/knockout/knockout,https://github.com/knockout/knockout/releases/tag/v3.0.0,no changlog found in script,https://snyk.io/vuln/SNYK-DOTNET-KNOCKOUT-60180,y,https://knockoutjs.com/upgrade-notes/v3.0.0.html,homepage announcement,,n,,,y,y,warning; action required,breaking change notice;action required,,483,d,is_doc is empty in process-frozen-nasif,
SNYK-DOTNET-MARKED-60185,Cross-site Scripting (XSS),NuGet,marked,0.3.9,https://github.com/chjj/marked,https://github.com/markedjs/marked/releases/tag/0.3.9,no changlog found in script,https://snyk.io/vuln/SNYK-DOTNET-MARKED-60185,y,,github release note,,y,security tag; vuln type,security notice;vulnerability description,n,n,,,,484,y,,
SNYK-DOTNET-MYSQL-60191,Unauthorized SSL Connection due to lack of cert authentication,NuGet,mysql,2.3.0,https://github.com/mysqljs/mysql,not found through script,https://github.com/mysqljs/mysql/blob/master,https://snyk.io/vuln/SNYK-DOTNET-MYSQL-60191,y,https://github.com/mysqljs/mysql/blob/master/Changes.md,changelog,,y,pr,fix reference,y,n,,,,485,y,,
SNYK-DOTNET-NEXT-60196,Cross-site Scripting (XSS),NuGet,next,2.4.3,https://github.com/altasoft/next,not found through script,no changlog found in script,https://snyk.io/vuln/SNYK-DOTNET-NEXT-60196,y,https://github.com/vercel/next.js/releases/tag/2.4.3,github release note,,y,security tag; vuln type,security notice;vulnerability description,y,n,,,,486,y,,
SNYK-DOTNET-RESTIFY-60207,Cross-site Scripting (XSS),NuGet,restify,4.1.0,https://github.com/restify/node-restify,not found through script,https://github.com/restify/node-restify/blob/master,https://snyk.io/vuln/SNYK-DOTNET-RESTIFY-60207,y,,changelog,,n,,,n,n,,,,487,d,"has a changelog, but fix not mentioned",
SNYK-RUBY-CLEARANCE-20419,Session Fixation,RubyGems,clearance,1.16.0,https://github.com/thoughtbot/clearance,https://github.com/thoughtbot/clearance/releases/tag/v1.16.0,https://github.com/thoughtbot/clearance/blob/master,https://snyk.io/vuln/SNYK-RUBY-CLEARANCE-20419,y,https://github.com/thoughtbot/clearance/blob/master/NEWS.md,changelog,,y,security tag; action required; summary fix; affected component; attack type,security notice;vulnerability description;fix reference;affected component listed,n,n,,,,493,y,,
SNYK-RUBY-FTPD-20451,Denial of Service (DoS),RubyGems,ftpd,2.0.5,https://github.com/wconrad/ftpd,not found through script,https://github.com/wconrad/ftpd/blob/master,https://snyk.io/vuln/SNYK-RUBY-FTPD-20451,y,,changelog,,y,vuln type; description,vulnerability description,,n,,,,494,y,,
SNYK-RUBY-NOKOGIRI-20299,XML External Entity (XXE) Injection,RubyGems,nokogiri,1.8.3,https://github.com/sparklemotion/nokogiri,not found through script,https://github.com/sparklemotion/nokogiri/blob/master,https://snyk.io/vuln/SNYK-RUBY-NOKOGIRI-20299,y,,changelog,,y,dependency patching; pr; cve mention; affected component; security tag,security notice;fix reference;advisory reference;affected component listed,y,n,,,very interesting. vuln dep but do not have a cve,498,y,,
SNYK-RUBY-NOKOGIRI-20367,Arbitrary Code Execution,RubyGems,nokogiri,1.7.2,https://github.com/sparklemotion/nokogiri,not found through script,https://github.com/sparklemotion/nokogiri/blob/master,https://snyk.io/vuln/SNYK-RUBY-NOKOGIRI-20367,y,,changelog,,y,dependency patching; pr; cve mention; affected component; security tag,security notice;fix reference;advisory reference;affected component listed,,n,,,very interesting. vuln dep but do not have a cve,499,y,,