snyk_id,vulnerability type,ecosystem,package,security release,repository,link,Is there a documentation source?,list of sources (separated by semicolon),main source,is the fix mentioned?,How is the fix mentioned? (initial codes); separated by semicolon,How is the fix mentioned? (final codes); separated by semicolon,is there unrelated change mentioned?,is breaking change mentioned?,how the breaking change is mentioned? (initial codes); separated by semicolon,how the breaking change is mentioned? (final codes); separated by semicolon,Additional Comments
npm:address-rfc2822:20180225,Regular Expression Denial of Service (ReDoS),npm,address-rfc2822,2.0.2,https://github.com/haraka/node-address-rfc2822,https://snyk.io/vuln/npm:address-rfc2822:20180225,Y,changes.md,changelog,Y,vulnerability type mentioned; PR referenced ,vulnerability description; fix referenced,N,N,,,
npm:angular-jwt:20180605,Access Restriction Bypass,npm,angular-jwt,0.1.10,https://github.com/auth0/angular-jwt,https://snyk.io/vuln/npm:angular-jwt:20180605,Y,github release note; Security-notices.md,security notice,Y,release note: summary of fix; security-notices: risk explained; PoC; CVE linked,fix referenced; security notice; vulnerability description; advisory reference,N,N,,,
npm:braces:20180219,Regular Expression Denial of Service (ReDoS),npm,braces,2.3.1,https://github.com/micromatch/braces,https://snyk.io/vuln/npm:braces:20180219,Y,changelog.MD,changelog,Y,summary fix,fix referenced,N,N,,,
npm:fastify:20180107,Denial of Service (DoS),npm,fastify,0.38.0,https://github.com/fastify/fastify,https://snyk.io/vuln/npm:fastify:20180107,Y,github release note,github release note,Y,CVE mentioned; ,advisory reference,Y,Y,breaking changes,breaking change notice,
npm:is-my-json-valid:20180214,Regular Expression Denial of Service (ReDoS),npm,is-my-json-valid,1.4.1,https://github.com/mafintosh/is-my-json-valid,https://snyk.io/vuln/npm:is-my-json-valid:20180214,N,N,N,,,,,,,,"the package that does not have a release note, not likely to especially have for security releases"
npm:is-my-json-valid:20180214,Regular Expression Denial of Service (ReDoS),npm,is-my-json-valid,2.17.2,https://github.com/mafintosh/is-my-json-valid,https://snyk.io/vuln/npm:is-my-json-valid:20180214,N,N,N,,,,,,,,
npm:jsviews:20160320,Template Injection,npm,jsviews,0.9.74,https://github.com/borismoore/jsviews,https://snyk.io/vuln/npm:jsviews:20160320,Y,github release notes,github release note,N,,,,,,,release commit include the fix
npm:koa-body:20180127,Directory Traversal,npm,koa-body,3.0.0,https://github.com/dlau/koa-body,https://snyk.io/vuln/npm:koa-body:20180127,Y,changelog,changelog,Y,security explicitly mentioned; advisory link; summary fix,security notice; advisory referenced; fix referenced,N,Y,affected apis,breaking api listed,does quick patching and release indicate high severity?
npm:shiba:20171125,Cross-site Scripting (XSS),npm,shiba,1.1.1,https://github.com/rhysd/Shiba,https://snyk.io/vuln/npm:shiba:20171125,Y,github release notes,github release note,Y,high level problem,vulnerability description,Y,N,,,
npm:skeemas:20180225,Regular Expression Denial of Service (ReDoS),npm,skeemas,1.2.5,https://github.com/Prestaul/skeemas,https://snyk.io/vuln/npm:skeemas:20180225,N,N,N,,,,,,,,
SNYK-JS-ACTIONSCORE-1015402,Improper Input Validation,npm,@actions/core,1.2.6,https://github.com/actions/toolkit/tree/master/packages/core,https://snyk.io/vuln/SNYK-JS-ACTIONSCORE-1015402,Y,Releases.md,changelog,N,,,,,,,discussed offline? sneaky?
SNYK-JS-APOLLOGATEWAY-174915,Prototype Pollution,npm,@apollo/gateway,0.6.2,https://github.com/apollographql/federation/tree/master/gateway-js/,https://snyk.io/vuln/SNYK-JS-APOLLOGATEWAY-174915,Y,changelog.md,changelog,Y,PR referenced; vulnerability type mentioned ,Fix referenced; vulnerability description,N,N,,,package resides as a subpackage within the repository
SNYK-JS-APOLLOUPLOADSERVER-72544,Denial of Service (DoS),npm,apollo-upload-server,7.0.0,https://github.com/jaydenseric/apollo-upload-server,https://snyk.io/vuln/SNYK-JS-APOLLOUPLOADSERVER-72544,Y,github release note,github release note,N,,,Y,Y,major,major changes listed,
SNYK-JS-CHARTJS-1018716,Prototype Pollution,npm,chart.js,2.9.4,https://github.com/chartjs/Chart.js,https://snyk.io/vuln/SNYK-JS-CHARTJS-1018716,Y,github release note,github release note,Y,PR referenced; PR title referenced; commit message referenced; vulnerability type referenced; summary of fix,Fix referenced; vulnerability description,Y,N,,,likely other security fixes; breaking change discussed in involved commits
SNYK-JS-CHROMELAUNCHER-537575,Command Injection,npm,chrome-launcher,0.13.2,https://github.com/GoogleChrome/chrome-launcher,https://snyk.io/vuln/SNYK-JS-CHROMELAUNCHER-537575,Y,github release note; changelog,github release note,Y,PR referenced; PR title referenced; summary of fix,Fix referenced,Y,N,,,dependency updates;
SNYK-JS-CKEDITORCKEDITOR5MARKDOWNGFM-1066168,Regular Expression Denial of Service (ReDoS),npm,@ckeditor/ckeditor5-markdown-gfm,25.0.0,https://github.com/ckeditor/ckeditor5/tree/master/packages/ckeditor5-markdown-gfm,https://snyk.io/vuln/SNYK-JS-CKEDITORCKEDITOR5MARKDOWNGFM-1066168,Y,github release note; changelog,github release note,Y,security explicitly mentioned; advisory link; risk of security explained,security notice; advisory referenced; vulnerability description,Y,Y,breaking change,breaking change notice,
SNYK-JS-DEVCERTSANSCACHE-540926,Command Injection,npm,devcert-sanscache,0.4.7,https://github.com/guybedford/devcert,https://snyk.io/vuln/SNYK-JS-DEVCERTSANSCACHE-540926,N,N,N,,,,,,,,
SNYK-JS-DOMPURIFY-1035544,Cross-site Scripting (XSS),npm,dompurify,2.2.2,https://github.com/cure53/DOMPurify,https://snyk.io/vuln/SNYK-JS-DOMPURIFY-1035544,Y,github release note,github release note,Y,Issue referenced; type mentioned,Fix referenced; vulnerability description,Y,N,,,the actual fix commit was not to be found
SNYK-JS-DSET-1054939,Prototype Pollution,npm,dset,2.1.0,https://github.com/lukeed/dset,https://snyk.io/vuln/SNYK-JS-DSET-1054939,Y,github release note,github release note,Y,commit referenced; vulnerability type referenced; ,Fix referenced; vulnerability description,Y,N,,,
SNYK-JS-ELECTRON-1049547,Use After Free,npm,electron,10.2.0,https://github.com/electron/electron,https://snyk.io/vuln/SNYK-JS-ELECTRON-1049547,Y,github release note,github release note,Y ,Security explicitly mentioned; CVE mentioned; vulnerability type mentioned; PR referenced,Security notice; advisory referenced; vulnerability description; Fix referenced,Y,N,,,other non-CVE fix mentioned
SNYK-JS-ELECTRON-1049547,Use After Free,npm,electron,9.4.0,https://github.com/electron/electron,https://snyk.io/vuln/SNYK-JS-ELECTRON-1049547,Y,github release note,github release note,Y ,Security explicitly mentioned; CVE mentioned; vulnerability type mentioned; PR referenced,Security notice; advisory referenced; vulnerability description; Fix referenced,Y,N,,,other non-CVE fix mentioned
SNYK-JS-ELECTRON-174045,Use After Free,npm,electron,2.0.18,https://github.com/electron/electron,https://snyk.io/vuln/SNYK-JS-ELECTRON-174045,Y,github release note ,github release note,Y,vulnerability explicitly mentioned; dependency patching; advisory link,Security notice; advisory referenced; fix referenced,Y,N,,,interesting project non how declares deps and how applys patches
SNYK-JS-ELECTRON-174045,Use After Free,npm,electron,3.0.16,https://github.com/electron/electron,https://snyk.io/vuln/SNYK-JS-ELECTRON-174045,Y,github release note,github release note,Y,vulnerability explicitly mentioned; dependency patching; advisory link,Security notice; advisory referenced; fix referenced,N,N,,,
SNYK-JS-ELECTRON-174045,Use After Free,npm,electron,3.1.6,https://github.com/electron/electron,https://snyk.io/vuln/SNYK-JS-ELECTRON-174045,Y,github release note,github release note,Y,vulnerability explicitly mentioned; dependency patching; advisory link,Security notice; advisory referenced; fix referenced,N,N,,,
SNYK-JS-ELECTRON-174045,Use After Free,npm,electron,4.0.8,https://github.com/electron/electron,https://snyk.io/vuln/SNYK-JS-ELECTRON-174045,Y,github release note,github release note,Y,vulnerability explicitly mentioned; dependency patching; advisory link,Security notice; advisory referenced; fix referenced,N,N,,,
SNYK-JS-ELECTRON-570833,Type Confusion,npm,electron,7.3.1,https://github.com/electron/electron,https://snyk.io/vuln/SNYK-JS-ELECTRON-570833,Y,github release note,github release note,Y,dependency patching; CVE mentioned; security risk; PR referenced,advisory referenced; vulnerability description; fix referenced,Y,N,,,other non-CVE dependency patching; https://bugs.chromium.org/p/chromium/issues/detail?id=1029462
SNYK-JS-EXPRESSCART-72404,SQL Injection,npm,express-cart,1.1.8,https://github.com/mrvautin/expressCart,https://snyk.io/vuln/SNYK-JS-EXPRESSCART-72404,N,N,N,,,,,,,,commit does not mention security either
SNYK-JS-FAYE-567269,Cross-Site Request Forgery (CSRF),npm,faye,1.1.0,https://github.com/faye/faye,https://snyk.io/vuln/SNYK-JS-FAYE-567269,Y,mailing list,mailing list,Y,security explicitly mentioned; vulnerability details link refrenced; risk explained,security notice; advisory reference; vulnerability description,N,N,,,Snyk has wrong version listed; Is mailing list an old system?
SNYK-JS-GHOST-571479,Server-side Request Forgery (SSRF),npm,ghost,2.38.2,https://github.com/TryGhost/Ghost,https://snyk.io/vuln/SNYK-JS-GHOST-571479,Y,github release note,github release note,Y,security explicitly mentioned; summary of fix,security notice; fix referenced,N,N,,,
SNYK-JS-GOOGLEAPIS-460104,Improper Authorization,npm,googleapis,39.1.0,https://github.com/googleapis/google-api-nodejs-client,https://snyk.io/vuln/SNYK-JS-GOOGLEAPIS-460104,Y,github release note,github release note,Y,security explicitly mentioned; vulnerability explained; issue referenced; PR referenced,security notice; vulnerability description; fix referenced,Y,N,,,
SNYK-JS-HANDLEBARS-174183,Prototype Pollution,npm,handlebars,3.0.7,https://github.com/wycats/handlebars.js,https://snyk.io/vuln/SNYK-JS-HANDLEBARS-174183,N,Release-notes.md; but this version is not there,N,,,,,,,,
SNYK-JS-HANDLEBARS-174183,Prototype Pollution,npm,handlebars,4.0.14,https://github.com/wycats/handlebars.js,https://snyk.io/vuln/SNYK-JS-HANDLEBARS-174183,N,Release-notes.md; but this version is not there,N,,,,,,,,
SNYK-JS-HANDLEBARS-174183,Prototype Pollution,npm,handlebars,4.1.2,https://github.com/wycats/handlebars.js,https://snyk.io/vuln/SNYK-JS-HANDLEBARS-174183,Y,Release-notes.md,changelog,Y,commit message referenced,fix referenced,,Y,compatibility notes,breaking change notice,interesting case on why the major version was not changed; the vulnerability was not under intended use
SNYK-JS-HTTPLIVESIMULATOR-72456,Directory Traversal,npm,http-live-simulator,1.0.6,https://github.com/prahladyeri/http-live-simulator,https://snyk.io/vuln/SNYK-JS-HTTPLIVESIMULATOR-72456,N,N,N,,,,,,,,someone commented that the fix does not work
SNYK-JS-HTTPLIVESIMULATOR-73554,Directory Traversal,npm,http-live-simulator,1.0.7,https://github.com/prahladyeri/http-live-simulator,https://snyk.io/vuln/SNYK-JS-HTTPLIVESIMULATOR-73554,N,N,N,,,,,,,,the fix eventually came in the later version with a new CVE;
SNYK-JS-INIREADER-1054843,Prototype Pollution,npm,inireader,2.0.0,https://github.com/Ajnasz/IniReader,https://snyk.io/vuln/SNYK-JS-INIREADER-1054843,N,N,N,,,,,,,,
SNYK-JS-ISMYJSONVALID-597167,Arbitrary Code Execution,npm,is-my-json-valid,2.20.3,https://github.com/mafintosh/is-my-json-valid,https://snyk.io/vuln/SNYK-JS-ISMYJSONVALID-597167,N,N,N,,,,,,,,small packages are less likely to contain release notes?
SNYK-JS-JSYAML-173999,Denial of Service (DoS),npm,js-yaml,3.13.0,https://github.com/nodeca/js-yaml,https://snyk.io/vuln/SNYK-JS-JSYAML-173999,Y,changelog.md,changelog,Y ,security explicitly mentioned; risk explained; summary of fix,security notice; vulnerability description; fix referenced,N,N,,,
SNYK-JS-JSYAML-174117,Denial of Service (DoS),npm,js-yaml,1.5.0,https://github.com/nodeca/js-yaml,https://snyk.io/vuln/SNYK-JS-JSYAML-174117,Y,github release notes,github release note,Y ,attack types mentioned; summary of fix; PR referenced,vulnerability description; fix referenced,Y ,N ,,,
SNYK-JS-KEYSTONE-450881,Cross-site Scripting (XSS),npm,keystone,4.0.0-beta.1,https://github.com/keystonejs/keystone,https://snyk.io/vuln/SNYK-JS-KEYSTONE-450881,Y,changelogs.xyz,changelog,N,,,Y ,Y,api changes,affected api listed,uses a tool to generate changeset but faulty
SNYK-JS-KIBANA-451546,Information Exposure,npm,kibana,5.0.2,https://github.com/elastic/kibana,https://snyk.io/vuln/SNYK-JS-KIBANA-451546,N,N,N,,,,,,,,deprecated; releasenotes in homepage linked in github release note but starts from 5.0.2
SNYK-JS-NGZORROANTD-1052821,Cross-site Scripting (XSS),npm,ng-zorro-antd,11.0.0,https://github.com/NG-ZORRO/ng-zorro-antd,https://snyk.io/vuln/SNYK-JS-NGZORROANTD-1052821,Y,github release notes,github release note,Y ,vulnerability type mentioned; PR refrenced; commit referenced,vulnerability description; fix referenced,Y,Y,deprecated apis,affected api listed,
SNYK-JS-OIDCPROVIDER-451544,Cross-site Scripting (XSS),npm,oidc-provider,6.0.3,https://github.com/panva/node-oidc-provider,https://snyk.io/vuln/SNYK-JS-OIDCPROVIDER-451544,Y,github release note; changelog,github release note,Y ,commit message copied; commit referenced; issue referenced,fix referenced,N ,N,,,
SNYK-JS-PRIVATEIP-1044035,Server-side Request Forgery (SSRF),npm,private-ip,2.0.0,https://github.com/frenchbread/private-ip,https://snyk.io/vuln/SNYK-JS-PRIVATEIP-1044035,N,N,N,,,,,,,,github has no tags either
SNYK-JS-REVEALJS-543841,Cross-site Scripting (XSS),npm,reveal.js,3.9.2,https://github.com/hakimel/reveal.js,https://snyk.io/vuln/SNYK-JS-REVEALJS-543841,Y,github release note,github release note,Y,explicit security mention; api mention; summary of fix,security notice; fix referenced; affected component listed,N,Y,blacklisted api,affected api listed,some api calls got blacklisted and can result in compatibility issues
SNYK-JS-SEQUELIZE-459751,SQL Injection,npm,sequelize,4.44.3,https://github.com/sequelize/sequelize,https://snyk.io/vuln/SNYK-JS-SEQUELIZE-459751,Y,github release note,github release note,Y,explicit security mention; advisory link; affected component mentioned; PR referenced; commit referenced,security notice; advisory reference; fix referenced; affected component listed,N,N,,,
SNYK-JS-SEQUELIZE-459751,SQL Injection,npm,sequelize,5.15.1,https://github.com/sequelize/sequelize,https://snyk.io/vuln/SNYK-JS-SEQUELIZE-459751,Y,github release note,github release note,Y,security explicitly mentioned; commit message; PR referenced; commit referenced; mentions affected component and function; attack vector/PoC; credit,security notice; fix referenced; affected component listed; vulnerability description,N,N,,,intersting as two different patch branch had different description
SNYK-JS-SEQUELIZECLI-174320,Sensitive Data Exposure,npm,sequelize-cli,5.5.0,https://github.com/sequelize/cli,https://snyk.io/vuln/SNYK-JS-SEQUELIZECLI-174320,Y,changelog.MD,changelog,Y,commit message; commit referenced,fix referenced,N,N,,,interesting the release note does not contain details; important to fetch data from multiple sources
SNYK-JS-SLPJS-534575,Inadequate Encryption Strength,npm,slpjs,0.21.4,https://github.com/simpleledger/slpjs,https://snyk.io/vuln/SNYK-JS-SLPJS-534575,Y,Readme ,readme,Y ,commit message; security explicitly mentioned; vulnerability severity mentioned; affected part ,security notice; fix referenced; vulnerability description; affected component listed,Y,N,,,github release not does not contain full log; it is because the log can't changed afterwards
SNYK-JS-SLPVALIDATE-534572,Inadequate Encryption Strength,npm,slp-validate,1.0.1,https://github.com/simpleledger/slp-validate.js,https://snyk.io/vuln/SNYK-JS-SLPVALIDATE-534572,Y,Readme ,readme,Y ,commit message; security explicitly mentioned; vulnerability severity mentioned; affected part ,security notice; fix referenced; vulnerability description; affected component listed,Y,N,,,github release not does not contain full log; it is because the log can't changed afterwards; similar vulnerability in related projects for this org
SNYK-JS-SWAGGERUI-449941,Cross-site Scripting (XSS),npm,swagger-ui,3.0.13,https://github.com/swagger-api/swagger-ui,https://snyk.io/vuln/SNYK-JS-SWAGGERUI-449941,N,github release note but not this version,N,N,,,,,,,"https://github.com/swagger-api/swagger-ui/releases/tag/v3.24.1; when a vulnerable dependency is fixed, what do the release note says? why sneaky?"
SNYK-JS-SWAGGERUI-572012,Insecure Defaults,npm,swagger-ui,3.26.1,https://github.com/swagger-api/swagger-ui,https://snyk.io/vuln/SNYK-JS-SWAGGERUI-572012,Y,github release note ,github release note,Y,explicit security mention; affected component; commit reference; summary of fix,security notice; affected component listed; fix referenced,Y,N,,,
SNYK-JS-SYSTEMINFORMATION-1021909,Command Injection,npm,systeminformation,4.27.11,https://github.com/sebhildebrandt/systeminformation,https://snyk.io/vuln/SNYK-JS-SYSTEMINFORMATION-1021909,Y,Changelog.MD,changelog,Y,explicit security mention; affected function; vulnerability type ,security notice; affected component listed; vulnerability description,N,N,,,
SNYK-JS-THREE-1064931,Regular Expression Denial of Service (ReDoS),npm,three,0.125.0,https://github.com/mrdoob/three.js,https://snyk.io/vuln/SNYK-JS-THREE-1064931,Y,github release note,github release note,Y,commit message;PR referenced,fix referenced,Y,N,,,github release numbers and versions may not exact string match
SNYK-JS-TINYMCE-568922,Cross-site Scripting (XSS),npm,tinymce,4.9.10,https://github.com/tinymce/tinymce-dist,https://snyk.io/vuln/SNYK-JS-TINYMCE-568922,Y,changelog,changelog,Y,affected component,affected component listed,Y,N ,,,"other security fixes; this security fix was backported, first applied on 5.4.0 where curiously security not mentioned"
SNYK-JS-TINYMCE-568922,Cross-site Scripting (XSS),npm,tinymce,5.2.2,https://github.com/tinymce/tinymce-dist,https://snyk.io/vuln/SNYK-JS-TINYMCE-568922,Y,homepage docs; changelog.md,package homepage releasenote,Y,affected component; Homepage docs - explicit security mention; ,affected component listed; security notice,Y,N,,,"very interesting case study; the commit involves ""critical bug"" which the releases mention a lot, are they security related?"
SNYK-JS-TOTALJS-173710,Directory Traversal,npm,total.js,2.1.1,https://github.com/totaljs/framework,https://snyk.io/vuln/SNYK-JS-TOTALJS-173710,N,changes.txt; github release note; but not this version?,N,,,,,,,,
SNYK-JS-TOTALJS-173710,Directory Traversal,npm,total.js,2.2.1,https://github.com/totaljs/framework,https://snyk.io/vuln/SNYK-JS-TOTALJS-173710,N,changes.txt; github release note; but not this version?,N,,,,,,,,
SNYK-JS-TOTALJS-173710,Directory Traversal,npm,total.js,2.3.1,https://github.com/totaljs/framework,https://snyk.io/vuln/SNYK-JS-TOTALJS-173710,N,changes.txt; github release note; but not this version?,N,,,,,,,,
SNYK-JS-TOTALJS-173710,Directory Traversal,npm,total.js,2.4.1,https://github.com/totaljs/framework,https://snyk.io/vuln/SNYK-JS-TOTALJS-173710,N,changes.txt; github release note; but not this version?,N,,,,,,,,
SNYK-JS-TOTALJS-173710,Directory Traversal,npm,total.js,2.5.1,https://github.com/totaljs/framework,https://snyk.io/vuln/SNYK-JS-TOTALJS-173710,N,changes.txt; github release note; but not this version?,N,,,,,,,,
SNYK-JS-TOTALJS-173710,Directory Traversal,npm,total.js,2.6.3,https://github.com/totaljs/framework,https://snyk.io/vuln/SNYK-JS-TOTALJS-173710,N,changes.txt; github release note; but not this version?,N,,,,,,,,
SNYK-JS-TOTALJS-173710,Directory Traversal,npm,total.js,2.7.1,https://github.com/totaljs/framework,https://snyk.io/vuln/SNYK-JS-TOTALJS-173710,N,changes.txt; github release note; but not this version?,N,,,,,,,,
SNYK-JS-TOTALJS-173710,Directory Traversal,npm,total.js,2.8.1,https://github.com/totaljs/framework,https://snyk.io/vuln/SNYK-JS-TOTALJS-173710,N,changes.txt; github release note; but not this version?,N,,,,,,,,
SNYK-JS-TOTALJS-173710,Directory Traversal,npm,total.js,2.9.5,https://github.com/totaljs/framework,https://snyk.io/vuln/SNYK-JS-TOTALJS-173710,N,changes.txt; github release note; but not this version?,N,,,,,,,,
SNYK-JS-TOTALJS-173710,Directory Traversal,npm,total.js,3.0.1,https://github.com/totaljs/framework,https://snyk.io/vuln/SNYK-JS-TOTALJS-173710,N,changes.txt; github release note; but not this version?,N,,,,,,,,
SNYK-JS-TOTALJS-173710,Directory Traversal,npm,total.js,3.1.1,https://github.com/totaljs/framework,https://snyk.io/vuln/SNYK-JS-TOTALJS-173710,N,changes.txt; github release note; but not this version?,N,,,,,,,,
SNYK-JS-TOTALJS-173710,Directory Traversal,npm,total.js,3.2.4,https://github.com/totaljs/framework,https://snyk.io/vuln/SNYK-JS-TOTALJS-173710,N,changes.txt; github release note; but not this version?,N,,,,,,,,
SNYK-JS-UIFABRICUTILITIES-571487,Prototype Pollution,npm,@uifabric/utilities,7.20.3,https://github.com/microsoft/fluentui,https://snyk.io/vuln/SNYK-JS-UIFABRICUTILITIES-571487,Y,github release note; changelog,github release note,Y,vulnerability explicitly mentioned; vulnerability type mentioned; PR referenced ,security notice; vulnerability description; fix referenced,Y,N,,,subpackage within repo; uses automated tool to create changelogs?
SNYK-JS-URLPARSE-1078283,Improper Input Validation,npm,url-parse,1.5.0,https://github.com/unshiftio/url-parse,https://snyk.io/vuln/SNYK-JS-URLPARSE-1078283,N,N,N,,,,,,,,
SNYK-DOTNET-BOOTSTRAP-450216,Cross-site Scripting (XSS),NuGet,bootstrap,3.4.1,https://github.com/twbs/bootstrap,,,,,,,,,,,,
SNYK-DOTNET-BOOTSTRAP-450216,Cross-site Scripting (XSS),NuGet,bootstrap,4.3.1,https://github.com/twbs/bootstrap,,,,,,,,,,,,
SNYK-DOTNET-DOTNETNUKECORE-536081,Cryptographic Issues,NuGet,dotnetnuke.core,9.2.2,https://github.com/dnnsoftware/Dnn.Platform,,,,,,,,,,,,
SNYK-DOTNET-DOTNETNUKECORE-536082,Inadequate Encryption Strength,NuGet,dotnetnuke.core,9.3.0,https://github.com/dnnsoftware/Dnn.Platform,,,,,,,,,,,,
SNYK-DOTNET-GW2SHARP-536077,Information Exposure,NuGet,gw2sharp,0.3.1,https://github.com/Archomeda/Gw2Sharp,,,,,,,,,,,,
SNYK-DOTNET-MICROSOFTASPNETCOREALL-60240,Denial of Service (DoS),NuGet,microsoft.aspnetcore.all,2.0.3,https://github.com/aspnet/AspNetCore,,,,,,,,,,,,
SNYK-DOTNET-MICROSOFTASPNETCOREALL-60240,Denial of Service (DoS),NuGet,microsoft.aspnetcore.all,2.1.0-rc1-final,https://github.com/aspnet/AspNetCore,,,,,,,,,,,,
SNYK-DOTNET-MICROSOFTASPNETCOREALL-60258,Denial of Service (DoS),NuGet,microsoft.aspnetcore.all,2.0.9,https://github.com/aspnet/AspNetCore,,,,,,,,,,,,
SNYK-DOTNET-MICROSOFTASPNETCOREALL-60258,Denial of Service (DoS),NuGet,microsoft.aspnetcore.all,2.1.2,https://github.com/aspnet/AspNetCore,,,,,,,,,,,,
SNYK-DOTNET-MICROSOFTASPNETCOREAPP-60259,Denial of Service (DoS),NuGet,microsoft.aspnetcore.app,2.1.2,https://github.com/aspnet/AspNetCore,,,,,,,,,,,,
SNYK-DOTNET-MICROSOFTASPNETCORESERVERIIS-451561,Open Redirect,NuGet,microsoft.aspnetcore.server.iis,2.2.6,https://github.com/aspnet/AspNetCore,,,,,,,,,,,,
SNYK-DOTNET-MICROSOFTASPNETCORESERVERKESTRELCORE-60241,Denial of Service (DoS),NuGet,microsoft.aspnetcore.server.kestrel.core,2.0.3,no repository listed,,,,,,,,,,,,
SNYK-DOTNET-MICROSOFTASPNETCORESERVERKESTRELCORE-60241,Denial of Service (DoS),NuGet,microsoft.aspnetcore.server.kestrel.core,2.1.0-rc1-final,no repository listed,,,,,,,,,,,,
SNYK-DOTNET-MICROSOFTASPNETCORESERVERKESTRELCORE-60261,Denial of Service (DoS),NuGet,microsoft.aspnetcore.server.kestrel.core,2.0.4,no repository listed,,,,,,,,,,,,
SNYK-DOTNET-MICROSOFTASPNETCORESERVERKESTRELCORE-60261,Denial of Service (DoS),NuGet,microsoft.aspnetcore.server.kestrel.core,2.1.2,no repository listed,,,,,,,,,,,,
SNYK-DOTNET-MICROSOFTASPNETCORESERVERKESTRELTRANSPORTABSTRACTIONS-60242,Denial of Service (DoS),NuGet,microsoft.aspnetcore.server.kestrel.transport.abstractions,2.0.3,no repository listed,,,,,,,,,,,,
SNYK-DOTNET-MICROSOFTASPNETCORESERVERKESTRELTRANSPORTABSTRACTIONS-60242,Denial of Service (DoS),NuGet,microsoft.aspnetcore.server.kestrel.transport.abstractions,2.1.0-rc1-final,no repository listed,,,,,,,,,,,,
SNYK-DOTNET-MICROSOFTASPNETCORESERVERKESTRELTRANSPORTLIBUV-60243,Denial of Service (DoS),NuGet,microsoft.aspnetcore.server.kestrel.transport.libuv,2.0.3,no repository listed,,,,,,,,,,,,
SNYK-DOTNET-MICROSOFTASPNETCORESERVERKESTRELTRANSPORTLIBUV-60243,Denial of Service (DoS),NuGet,microsoft.aspnetcore.server.kestrel.transport.libuv,2.1.0-rc1-final,no repository listed,,,,,,,,,,,,
SNYK-DOTNET-MICROSOFTCHAKRACORE-173805,Remote Code Execution (RCE),NuGet,microsoft.chakracore,1.7.3,https://github.com/Microsoft/ChakraCore,,,,,,,,,,,,
SNYK-DOTNET-MICROSOFTCHAKRACORE-173828,Remote Code Execution (RCE),NuGet,microsoft.chakracore,1.7.4,https://github.com/Microsoft/ChakraCore,,,,,,,,,,,,
SNYK-DOTNET-MICROSOFTCHAKRACORE-173901,Remote Code Execution (RCE),NuGet,microsoft.chakracore,1.10.1,https://github.com/Microsoft/ChakraCore,,,,,,,,,,,,
SNYK-DOTNET-MICROSOFTCHAKRACORE-173917,Remote Code Execution (RCE),NuGet,microsoft.chakracore,1.11.2,https://github.com/Microsoft/ChakraCore,,,,,,,,,,,,
SNYK-DOTNET-MICROSOFTCHAKRACORE-174197,Remote Code Execution (RCE),NuGet,microsoft.chakracore,1.11.2,https://github.com/Microsoft/ChakraCore,,,,,,,,,,,,
SNYK-DOTNET-MICROSOFTCHAKRACORE-174206,Remote Code Execution (RCE),NuGet,microsoft.chakracore,1.11.7,https://github.com/Microsoft/ChakraCore,,,,,,,,,,,,
SNYK-DOTNET-MICROSOFTCHAKRACORE-174242,Remote Code Execution (RCE),NuGet,microsoft.chakracore,1.7.8,https://github.com/Microsoft/ChakraCore,,,,,,,,,,,,
SNYK-DOTNET-MICROSOFTCHAKRACORE-174244,Remote Code Execution (RCE),NuGet,microsoft.chakracore,1.7.8,https://github.com/Microsoft/ChakraCore,,,,,,,,,,,,
SNYK-DOTNET-MICROSOFTCHAKRACORE-174246,Remote Code Execution (RCE),NuGet,microsoft.chakracore,1.8.2,https://github.com/Microsoft/ChakraCore,,,,,,,,,,,,
SNYK-DOTNET-MICROSOFTCHAKRACORE-174250,Remote Code Execution (RCE),NuGet,microsoft.chakracore,1.8.2,https://github.com/Microsoft/ChakraCore,,,,,,,,,,,,
SNYK-DOTNET-MICROSOFTCHAKRACORE-174313,Remote Code Execution (RCE),NuGet,microsoft.chakracore,1.7.4,https://github.com/Microsoft/ChakraCore,,,,,,,,,,,,
SNYK-DOTNET-MICROSOFTCHAKRACORE-174314,Remote Code Execution (RCE),NuGet,microsoft.chakracore,1.7.2,https://github.com/Microsoft/ChakraCore,,,,,,,,,,,,
SNYK-DOTNET-MICROSOFTCHAKRACORE-449653,Arbitrary Code Execution,NuGet,microsoft.chakracore,1.111.0,https://github.com/Microsoft/ChakraCore,,,,,,,,,,,,
SNYK-DOTNET-MICROSOFTCHAKRACORE-559783,Information Exposure,NuGet,microsoft.chakracore,1.111.7,https://github.com/Microsoft/ChakraCore,,,,,,,,,,,,
SNYK-DOTNET-MICROSOFTCHAKRACOREVC140-174387,Information Exposure,NuGet,microsoft.chakracore.vc140,1.11.1,https://github.com/Microsoft/ChakraCore,,,,,,,,,,,,
SNYK-DOTNET-MICROSOFTCHAKRACOREVC140-174477,Remote Code Execution (RCE),NuGet,microsoft.chakracore.vc140,1.10.1,https://github.com/Microsoft/ChakraCore,,,,,,,,,,,,
SNYK-DOTNET-MICROSOFTCHAKRACOREVC140-174484,Remote Code Execution (RCE),NuGet,microsoft.chakracore.vc140,1.11.2,https://github.com/Microsoft/ChakraCore,,,,,,,,,,,,
SNYK-DOTNET-MICROSOFTCHAKRACOREVC140-174493,Remote Code Execution (RCE),NuGet,microsoft.chakracore.vc140,1.10.2,https://github.com/Microsoft/ChakraCore,,,,,,,,,,,,
SNYK-DOTNET-MICROSOFTNETCOREAPP-174571,Cross-site Request Forgery (CSRF),NuGet,microsoft.netcore.app,2.1.4,https://github.com/aspnet/AspNetCore,,,,,,,,,,,,
SNYK-DOTNET-MICROSOFTNETCOREAPP-174710,Denial of Service (DoS),NuGet,microsoft.netcore.app,2.1.11,https://github.com/aspnet/AspNetCore,,,,,,,,,,,,
SNYK-DOTNET-MICROSOFTNETCOREAPP-174710,Denial of Service (DoS),NuGet,microsoft.netcore.app,2.2.5,https://github.com/aspnet/AspNetCore,,,,,,,,,,,,
SNYK-DOTNET-MICROSOFTNETCOREAPP-541848,Remote Code Execution (RCE),NuGet,microsoft.netcore.app,3.0.2,https://github.com/aspnet/AspNetCore,,,,,,,,,,,,
SNYK-DOTNET-MICROSOFTNETCOREAPP-541848,Remote Code Execution (RCE),NuGet,microsoft.netcore.app,3.1.1,https://github.com/aspnet/AspNetCore,,,,,,,,,,,,
SNYK-DOTNET-MICROSOFTZ3X64-1063225,Use After Free,NuGet,microsoft.z3.x64,4.8.10,https://github.com/Z3Prover/z3,,,,,,,,,,,,
SNYK-DOTNET-NPGSQL-469157,SQL Injection,NuGet,npgsql,2.2.6,https://github.com/npgsql/npgsql,,,,,,,,,,,,
SNYK-DOTNET-PERSONNUMMER-674156,Improper Input Validation,NuGet,personnummer,3.0.2,https://github.com/personnummer/csharp,,,,,,,,,,,,
SNYK-DOTNET-PETEROCBOR-536078,Denial of Service (DoS),NuGet,petero.cbor,4.0.0,https://github.com/peteroupc/CBOR,,,,,,,,,,,,
SNYK-DOTNET-SYSTEMDATASQLITECORE-60236,Memory Corruption,NuGet,system.data.sqlite.core,1.0.94.0,https://github.com/dotnet/corefx,,,,,,,,,,,,
SNYK-DOTNET-TINYMCE-1056410,Cross-site Scripting (XSS),NuGet,tinymce,5.6.0,https://github.com/tinymce/tinymce,,,,,,,,,,,,
SNYK-DOTNET-TINYMCE-568936,Cross-site Scripting (XSS),NuGet,tinymce,4.9.7,https://github.com/tinymce/tinymce,,,,,,,,,,,,
SNYK-DOTNET-TINYMCE-568936,Cross-site Scripting (XSS),NuGet,tinymce,5.1.4,https://github.com/tinymce/tinymce,,,,,,,,,,,,
SNYK-GOLANG-GITHUBCOMARGOPROJARGOCDUTILOIDC-572378,Cross-site Scripting (XSS),Go,github.com/argoproj/argo-cd/util/oidc,1.5.8,https://github.com/argoproj/argo-cd,,,,,,,,,,,,
SNYK-GOLANG-GITHUBCOMARTDAREKGOUNZIP-559505,Arbitrary File Write via Archive Extraction (Zip Slip),Go,github.com/artdarek/go-unzip,1.0.0,https://github.com/artdarek/go-unzip,,,,,,,,,,,,
SNYK-GOLANG-GITHUBCOMCODECLYSMEXTRACT-608493,Arbitrary File Write via Archive Extraction (Zip Slip),Go,github.com/codeclysm/extract,3.0.1,https://github.com/codeclysm/extract,,,,,,,,,,,,
SNYK-GOLANG-GITHUBCOMCONCOURSECONCOURSE-598373,Authentication Bypass,Go,github.com/concourse/concourse,6.3.1,https://github.com/concourse/concourse,,,,,,,,,,,,
SNYK-GOLANG-GITHUBCOMCONCOURSECONCOURSE-598373,Authentication Bypass,Go,github.com/concourse/concourse,6.4.1,https://github.com/concourse/concourse,,,,,,,,,,,,
SNYK-GOLANG-GITHUBCOMCONCOURSECONCOURSESKYMARSHALSKYSERVER-569085,Open Redirect,Go,github.com/concourse/concourse/skymarshal/skyserver,5.2.8,https://github.com/concourse/concourse,,,,,,,,,,,,
SNYK-GOLANG-GITHUBCOMCONCOURSECONCOURSESKYMARSHALSKYSERVER-569085,Open Redirect,Go,github.com/concourse/concourse/skymarshal/skyserver,5.4.0,https://github.com/concourse/concourse,,,,,,,,,,,,
SNYK-GOLANG-GITHUBCOMCONCOURSECONCOURSESKYMARSHALSKYSERVER-569085,Open Redirect,Go,github.com/concourse/concourse/skymarshal/skyserver,5.5.10,https://github.com/concourse/concourse,,,,,,,,,,,,
SNYK-GOLANG-GITHUBCOMCONCOURSECONCOURSESKYMARSHALSKYSERVER-569085,Open Redirect,Go,github.com/concourse/concourse/skymarshal/skyserver,5.7.2,https://github.com/concourse/concourse,,,,,,,,,,,,
SNYK-GOLANG-GITHUBCOMCONCOURSECONCOURSESKYMARSHALSKYSERVER-569085,Open Redirect,Go,github.com/concourse/concourse/skymarshal/skyserver,5.8.1,https://github.com/concourse/concourse,,,,,,,,,,,,
SNYK-GOLANG-GITHUBCOMCONCOURSECONCOURSESKYMARSHALSKYSERVER-569085,Open Redirect,Go,github.com/concourse/concourse/skymarshal/skyserver,manual checkup needed,https://github.com/concourse/concourse,,,,,,,,,,,,
SNYK-GOLANG-GITHUBCOMDINEVERGOLF-598768,Cryptographic Issues,Go,github.com/dinever/golf,0.3.0,https://github.com/dinever/golf,,,,,,,,,,,,
SNYK-GOLANG-GITHUBCOMELASTICAPMAGENTGO-1071905,Information Disclosure,Go,github.com/elastic/apm-agent-go,1.11.0,https://github.com/elastic/apm-agent-go,,,,,,,,,,,,
SNYK-GOLANG-GITHUBCOMELASTICBEATSPACKETBEATPROTOSPGSQL-50076,Denial of Service (DoS),Go,github.com/elastic/beats/packetbeat/protos/pgsql,6.5.4,https://github.com/elastic/beats,,,,,,,,,,,,
SNYK-GOLANG-GITHUBCOMETHEREUMGOETHEREUMCONSENSUS-1045351,Incorrect Calculation,Go,github.com/ethereum/go-ethereum/consensus,1.9.24,https://github.com/ethereum/go-ethereum,,,,,,,,,,,,
SNYK-GOLANG-GITHUBCOMETHEREUMGOETHEREUMCOREVM-1045822,Incorrect Calculation,Go,github.com/ethereum/go-ethereum/core/vm,1.19.7,https://github.com/ethereum/go-ethereum,,,,,,,,,,,,
SNYK-GOLANG-GITHUBCOMGINGONICGIN-535024,Improper Input Validation,Go,github.com/gin-gonic/gin,0.5,https://github.com/gin-gonic/gin,,,,,,,,,,,,
SNYK-GOLANG-GITHUBCOMGOAAHAAH-559113,Directory Traversal,Go,github.com/go-aah/aah,0.12.4,https://github.com/go-aah/aah,,,,,,,,,,,,
SNYK-GOLANG-GITHUBCOMGOADESIGNGOA-536317,Directory Traversal,Go,github.com/goadesign/goa,1.4.3,https://github.com/goadesign/goa,,,,,,,,,,,,
SNYK-GOLANG-GITHUBCOMGOADESIGNGOA-536317,Directory Traversal,Go,github.com/goadesign/goa,2.0.10,https://github.com/goadesign/goa,,,,,,,,,,,,
SNYK-GOLANG-GITHUBCOMGOADESIGNGOA-536317,Directory Traversal,Go,github.com/goadesign/goa,3.0.9,https://github.com/goadesign/goa,,,,,,,,,,,,
SNYK-GOLANG-GITHUBCOMGOGITEAGITEA-559123,Cross-site Request Forgery (CSRF),Go,github.com/go-gitea/gitea,1.11.2,https://github.com/go-gitea/gitea,,,,,,,,,,,,
SNYK-GOLANG-GITHUBCOMGOHARBORHARBOR-560858,Cross-site Request Forgery (CSRF),Go,github.com/goharbor/harbor,1.8.6,https://github.com/goharbor/harbor,,,,,,,,,,,,
SNYK-GOLANG-GITHUBCOMGOHARBORHARBOR-560858,Cross-site Request Forgery (CSRF),Go,github.com/goharbor/harbor,1.9.3,https://github.com/goharbor/harbor,,,,,,,,,,,,
SNYK-GOLANG-GITHUBCOMGOLANGCRYPTO-551925,Improper Signature Verification,Go,github.com/golang/crypto,0.0.0-20200220183623-bac4c82f6975,https://github.com/golang/crypto,,,,,,,,,,,,
SNYK-GOLANG-GITHUBCOMGOPASSPWGOPASSINTERNALTPL-1061912,Insecure Encryption,Go,github.com/gopasspw/gopass/internal/tpl,1.11.0,https://github.com/gopasspw/gopass,,,,,,,,,,,,
SNYK-GOLANG-GITHUBCOMGOPHISHGOPHISH-1023590,Session Fixation,Go,github.com/gophish/gophish,0.10.1,https://github.com/gophish/gophish,,,,,,,,,,,,
SNYK-GOLANG-GITHUBCOMGOPHISHGOPHISHCONTROLLERS-597668,Server-side Request Forgery (SSRF),Go,github.com/gophish/gophish/controllers,0.6.0,https://github.com/gophish/gophish,,,,,,,,,,,,
SNYK-GOLANG-GITHUBCOMGOVELACOMPILERTEMPLATENATIVE-1055439,Information Exposure,Go,github.com/go-vela/compiler/template/native,0.6.1,https://github.com/go-vela/compiler,,,,,,,,,,,,
SNYK-GOLANG-GITHUBCOMGRAVITATIONALTELEPORTLIBUTILSPARSE-1040723,Denial of Service (DoS),Go,github.com/gravitational/teleport/lib/utils/parse,5.0.1-dev.1,https://github.com/gravitational/teleport,,,,,,,,,,,,
SNYK-GOLANG-GITHUBCOMGRAVITATIONALTELEPORTLIBWEB-564513,Timing Attack,Go,github.com/gravitational/teleport/lib/web,2.7.8,https://github.com/gravitational/teleport,,,,,,,,,,,,
SNYK-GOLANG-GITHUBCOMGRAVITATIONALTELEPORTLIBWEB-564513,Timing Attack,Go,github.com/gravitational/teleport/lib/web,3.0.4,https://github.com/gravitational/teleport,,,,,,,,,,,,
SNYK-GOLANG-GITHUBCOMGRAVITATIONALTELEPORTLIBWEB-564513,Timing Attack,Go,github.com/gravitational/teleport/lib/web,3.1.3,https://github.com/gravitational/teleport,,,,,,,,,,,,
SNYK-GOLANG-GITHUBCOMHASHICORPCONSULACL-174929,Incorrect Access Control,Go,github.com/hashicorp/consul/acl,1.5.1,https://github.com/hashicorp/consul,,,,,,,,,,,,
SNYK-GOLANG-GITHUBCOMHASHICORPCONSULAGENT-1055825,Denial of Service (DoS),Go,github.com/hashicorp/consul/agent,1.9.2,https://github.com/hashicorp/consul,,,,,,,,,,,,
SNYK-GOLANG-GITHUBCOMHASHICORPNOMADCOMMANDAGENT-561357,Cross-site Scripting (XSS),Go,github.com/hashicorp/nomad/command/agent,0.10.5,https://github.com/hashicorp/nomad,,,,,,,,,,,,
SNYK-GOLANG-GITHUBCOMINFLUXDATAINFLUXDBHTTP-541515,Denial of Service (DoS),Go,github.com/influxdata/influxdb/http,2.0.0-beta.2,https://github.com/influxdata/influxdb,,,,,,,,,,,,
SNYK-GOLANG-GITHUBCOMJAEGERTRACINGJAEGERCMDCOLLECTORAPPHANDLER-1053255,Cross-site Scripting (XSS),Go,github.com/jaegertracing/jaeger/cmd/collector/app/handler,1.22.0,https://github.com/jaegertracing/jaeger,,,,,,,,,,,,
SNYK-GOLANG-GITHUBCOMJAEGERTRACINGJAEGERPKGKAFKAAUTH-674508,Information Exposure,Go,github.com/jaegertracing/jaeger/pkg/kafka/auth,1.18.1,https://github.com/jaegertracing/jaeger,,,,,,,,,,,,
SNYK-GOLANG-GITHUBCOMKIALIKIALIHANDLERS-561358,Insufficiently Protected Credentials,Go,github.com/kiali/kiali/handlers,1.16.0-snapshot.1,https://github.com/kiali/kiali,,,,,,,,,,,,
SNYK-GOLANG-GITHUBCOMKIALIKIALIHANDLERS-561359,Insufficient Validation,Go,github.com/kiali/kiali/handlers,1.16.0-snapshot.1,https://github.com/kiali/kiali,,,,,,,,,,,,
SNYK-GOLANG-GITHUBCOMKUBERNETESKOPS-590114,Cryptographic Issues,Go,github.com/kubernetes/kops,1.18.0,https://github.com/kubernetes/kops,,,,,,,,,,,,
SNYK-GOLANG-GITHUBCOMKUBERNETESKUBERNETESPKGVOLUMERBD-1048858,Information Exposure,Go,github.com/kubernetes/kubernetes/pkg/volume/rbd,1.20.0-alpha.2,https://github.com/kubernetes/kubernetes,,,,,,,,,,,,
SNYK-GOLANG-GITHUBCOMKUBERNETESKUBERNETESSTAGINGSRCK8SIOAPIMACHINERYPKGUTILPROXY-72666,Privilege Escalation,Go,github.com/kubernetes/kubernetes/staging/src/k8s.io/apimachinery/pkg/util/proxy,1.10.11,https://github.com/kubernetes/kubernetes,,,,,,,,,,,,
SNYK-GOLANG-GITHUBCOMKUBERNETESKUBERNETESSTAGINGSRCK8SIOAPIMACHINERYPKGUTILPROXY-72666,Privilege Escalation,Go,github.com/kubernetes/kubernetes/staging/src/k8s.io/apimachinery/pkg/util/proxy,1.11.5,https://github.com/kubernetes/kubernetes,,,,,,,,,,,,
SNYK-GOLANG-GITHUBCOMKUBERNETESKUBERNETESSTAGINGSRCK8SIOAPIMACHINERYPKGUTILPROXY-72666,Privilege Escalation,Go,github.com/kubernetes/kubernetes/staging/src/k8s.io/apimachinery/pkg/util/proxy,1.12.3,https://github.com/kubernetes/kubernetes,,,,,,,,,,,,
SNYK-GOLANG-GITHUBCOMLABSTACKECHO-1050889,Directory Traversal,Go,github.com/labstack/echo,4.2.0,https://github.com/labstack/echo,,,,,,,,,,,,
SNYK-GOLANG-GITHUBCOMLIGHTNINGNETWORKLND-1047780,Improper Validation,Go,github.com/lightningnetwork/lnd,0.10.0-beta,https://github.com/lightningnetwork/lnd,,,,,,,,,,,,
SNYK-GOLANG-GITHUBCOMMHOLTARCHIVERCMDARC-174728,Arbitrary File Write via Archive Extraction (Zip Slip),Go,github.com/mholt/archiver/cmd/arc,3.3.2,https://github.com/mholt/archiver,,,,,,,,,,,,
SNYK-GOLANG-GITHUBCOMMUESLICRUNCHY-543999,Denial of Service (DoS),Go,github.com/muesli/crunchy,0.4.0,https://github.com/muesli/crunchy,,,,,,,,,,,,
SNYK-GOLANG-GITHUBCOMORYFOSITE-1015593,Open Redirect,Go,github.com/ory/fosite,0.34.1,https://github.com/ory/fosite,,,,,,,,,,,,
SNYK-GOLANG-GITHUBCOMORYHYDRAOAUTH2-564512,Session Fixation,Go,github.com/ory/hydra/oauth2,0.11.6,https://github.com/ory/hydra,,,,,,,,,,,,
SNYK-GOLANG-GITHUBCOMOSRGGOBGPPACKETBGP-1064564,Denial of Service (DoS),Go,github.com/osrg/gobgp/packet/bgp,2.24.0,https://github.com/osrg/gobgp,,,,,,,,,,,,
SNYK-GOLANG-GITHUBCOMPTERODACTYLWINGSROUTER-1054612,Denial of Service (DoS),Go,github.com/pterodactyl/wings/router,1.2.0,https://github.com/pterodactyl/wings,,,,,,,,,,,,
SNYK-GOLANG-GITHUBCOMPTERODACTYLWINGSROUTERDOWNLOADER-1056514,Server-side Request Forgery (SSRF),Go,github.com/pterodactyl/wings/router/downloader,1.2.1,https://github.com/pterodactyl/wings,,,,,,,,,,,,
SNYK-GOLANG-GITHUBCOMPTERODACTYLWINGSSERVER-598661,Directory Traversal,Go,github.com/pterodactyl/wings/server,1.0.0-beta.8,https://github.com/pterodactyl/wings,,,,,,,,,,,,
SNYK-GOLANG-GITHUBCOMRANCHERRANCHERPKGCLUSTERROUTER-460823,Cross-site Request Forgery (CSRF),Go,github.com/rancher/rancher/pkg/clusterrouter,2.0.16,https://github.com/rancher/rancher,,,,,,,,,,,,
SNYK-GOLANG-GITHUBCOMRANCHERRANCHERPKGCLUSTERROUTER-460823,Cross-site Request Forgery (CSRF),Go,github.com/rancher/rancher/pkg/clusterrouter,2.1.11,https://github.com/rancher/rancher,,,,,,,,,,,,
SNYK-GOLANG-GITHUBCOMRANCHERRANCHERPKGCLUSTERROUTER-460823,Cross-site Request Forgery (CSRF),Go,github.com/rancher/rancher/pkg/clusterrouter,2.2.5,https://github.com/rancher/rancher,,,,,,,,,,,,
SNYK-GOLANG-GITHUBCOMSQUARESQUALOR-559170,SQL Injection,Go,github.com/square/squalor,0.0.0-20200722213924-58a8e4213020,https://github.com/square/squalor,,,,,,,,,,,,
SNYK-GOLANG-GITHUBCOMTIDWALLGJSON-1055821,Regular Expression Denial of Service (ReDoS),Go,github.com/tidwall/gjson,1.6.5,https://github.com/tidwall/gjson,,,,,,,,,,,,
SNYK-GOLANG-K8SIOKOPS-1012426,Cryptographic Issues,Go,k8s.io/kops,1.18.0,https://github.com/kubernetes/kops,,,,,,,,,,,,
SNYK-GOLANG-K8SIOKUBERNETESPKGFEATURES-536841,Insecure Defaults,Go,k8s.io/kubernetes/pkg/features,1.14.0-alpha.2,https://github.com/kubernetes/kubernetes,,,,,,,,,,,,
SNYK-GOLANG-K8SIOKUBERNETESPKGKUBELETSERVER-561503,Denial of Service (DoS),Go,k8s.io/kubernetes/pkg/kubelet/server,1.15.10,https://github.com/kubernetes/kubernetes,,,,,,,,,,,,
SNYK-GOLANG-K8SIOKUBERNETESPKGKUBELETSERVER-561503,Denial of Service (DoS),Go,k8s.io/kubernetes/pkg/kubelet/server,1.16.6,https://github.com/kubernetes/kubernetes,,,,,,,,,,,,
SNYK-GOLANG-K8SIOKUBERNETESPKGKUBELETSERVER-561503,Denial of Service (DoS),Go,k8s.io/kubernetes/pkg/kubelet/server,1.17.2,https://github.com/kubernetes/kubernetes,,,,,,,,,,,,
SNYK-GOLANG-K8SIOKUBERNETESPKGVOLUMERBD-1048859,Information Exposure,Go,k8s.io/kubernetes/pkg/volume/rbd,1.20.0-alpha.2,https://github.com/kubernetes/kubernetes,,,,,,,,,,,,
SNYK-JAVA-COMCAPITALONEDASHBOARD-1042970,Cryptographic Issues,Maven,com.capitalone.dashboard:core,3.6.9,https://github.com/Hygieia/hygieia-core,,,,,,,,,,,,
SNYK-JAVA-COMFASTERXMLJACKSONCORE-72446,Deserialization of Untrusted Data,Maven,com.fasterxml.jackson.core:jackson-databind,2.6.7.3,https://github.com/FasterXML/jackson-databind,,,,,,,,,,,,
SNYK-JAVA-COMFASTERXMLJACKSONCORE-72446,Deserialization of Untrusted Data,Maven,com.fasterxml.jackson.core:jackson-databind,2.7.9.4,https://github.com/FasterXML/jackson-databind,,,,,,,,,,,,
SNYK-JAVA-COMFASTERXMLJACKSONCORE-72446,Deserialization of Untrusted Data,Maven,com.fasterxml.jackson.core:jackson-databind,2.8.11.2,https://github.com/FasterXML/jackson-databind,,,,,,,,,,,,
SNYK-JAVA-COMFASTERXMLJACKSONCORE-72446,Deserialization of Untrusted Data,Maven,com.fasterxml.jackson.core:jackson-databind,2.9.5,https://github.com/FasterXML/jackson-databind,,,,,,,,,,,,
SNYK-JAVA-COMGOOGLEPROTOBUF-173761,Integer Overflow,Maven,com.google.protobuf:protobuf-java,3.4.0,no repository listed,,,,,,,,,,,,
SNYK-JAVA-COMSHOPIZER-567251,Improper Input Validation,Maven,com.shopizer:sm-core-model,2.11.0,https://github.com/shopizer-ecommerce/shopizer,,,,,,,,,,,,
SNYK-JAVA-COMVAADIN-1069817,Timing Attack,Maven,com.vaadin:vaadin-server,8.12.3,https://github.com/vaadin/framework,,,,,,,,,,,,
SNYK-JAVA-COMVAADIN-1074927,Timing Attack,Maven,com.vaadin:flow-server,6.0.0,https://github.com/vaadin/flow,,,,,,,,,,,,
SNYK-JAVA-ORGAPACHEACTIVEMQ-32101,Information Exposure,Maven,org.apache.activemq:activemq-openwire-generator,5.15.3,no repository listed,,,,,,,,,,,,
SNYK-JAVA-ORGAPACHEACTIVEMQ-450204,Cross-site Scripting (XSS),Maven,org.apache.activemq:activemq-web,5.15.12,https://github.com/apache/activemq,,,,,,,,,,,,
SNYK-JAVA-ORGAPACHECAMEL-569125,Rebind Flaw,Maven,org.apache.camel:camel-spring,2.25.1,https://github.com/apache/camel,,,,,,,,,,,,
SNYK-JAVA-ORGAPACHECAMEL-569125,Rebind Flaw,Maven,org.apache.camel:camel-spring,3.2.0,https://github.com/apache/camel,,,,,,,,,,,,
SNYK-JAVA-ORGAPACHEDERBY-32274,Security Bypass,Maven,org.apache.derby:derby,10.14.2.0,no repository listed,,,,,,,,,,,,
SNYK-JAVA-ORGAPACHEHADOOP-174573,Arbitrary File Write via Archive Extraction (Zip Slip),Maven,org.apache.hadoop:hadoop-common,2.7.7,https://github.com/apache/hadoop,,,,,,,,,,,,
SNYK-JAVA-ORGAPACHEHADOOP-174573,Arbitrary File Write via Archive Extraction (Zip Slip),Maven,org.apache.hadoop:hadoop-common,2.8.5,https://github.com/apache/hadoop,,,,,,,,,,,,
SNYK-JAVA-ORGAPACHEHADOOP-174573,Arbitrary File Write via Archive Extraction (Zip Slip),Maven,org.apache.hadoop:hadoop-common,2.9.2,https://github.com/apache/hadoop,,,,,,,,,,,,
SNYK-JAVA-ORGAPACHEHADOOP-174573,Arbitrary File Write via Archive Extraction (Zip Slip),Maven,org.apache.hadoop:hadoop-common,3.0.3,https://github.com/apache/hadoop,,,,,,,,,,,,
SNYK-JAVA-ORGAPACHEHADOOP-174573,Arbitrary File Write via Archive Extraction (Zip Slip),Maven,org.apache.hadoop:hadoop-common,3.1.1,https://github.com/apache/hadoop,,,,,,,,,,,,
SNYK-JAVA-ORGAPACHEJACKRABBIT-460325,Cross-site Scripting (XSS),Maven,org.apache.jackrabbit:jackrabbit-jcr-commons,2.10.2,https://github.com/apache/jackrabbit,,,,,,,,,,,,
SNYK-JAVA-ORGAPACHEJACKRABBIT-460325,Cross-site Scripting (XSS),Maven,org.apache.jackrabbit:jackrabbit-jcr-commons,2.12.1,https://github.com/apache/jackrabbit,,,,,,,,,,,,
SNYK-JAVA-ORGAPACHEJACKRABBIT-460325,Cross-site Scripting (XSS),Maven,org.apache.jackrabbit:jackrabbit-jcr-commons,2.4.6,https://github.com/apache/jackrabbit,,,,,,,,,,,,
SNYK-JAVA-ORGAPACHEJACKRABBIT-460325,Cross-site Scripting (XSS),Maven,org.apache.jackrabbit:jackrabbit-jcr-commons,2.6.6,https://github.com/apache/jackrabbit,,,,,,,,,,,,
SNYK-JAVA-ORGAPACHEJACKRABBIT-460325,Cross-site Scripting (XSS),Maven,org.apache.jackrabbit:jackrabbit-jcr-commons,2.8.2,https://github.com/apache/jackrabbit,,,,,,,,,,,,
SNYK-JAVA-ORGAPACHEJSPWIKI-174839,Cross-site Scripting (XSS),Maven,org.apache.jspwiki:jspwiki-main,2.11.0-M4,https://github.com/apache/jspwiki,,,,,,,,,,,,
SNYK-JAVA-ORGAPACHENIFI-1015373,Information Exposure,Maven,org.apache.nifi:nifi-security-utils,1.12.0,https://github.com/apache/nifi,,,,,,,,,,,,
SNYK-JAVA-ORGAPACHETIKA-466520,XML External Entity (XXE) Injection,Maven,org.apache.tika:tika-core,1.19,https://github.com/apache/tika,,,,,,,,,,,,
SNYK-JAVA-ORGAPACHETOMEE-1052823,Authentication Bypass,Maven,org.apache.tomee:openejb-core,7.0.9,https://github.com/apache/tomee,,,,,,,,,,,,
SNYK-JAVA-ORGAPACHETOMEE-1052823,Authentication Bypass,Maven,org.apache.tomee:openejb-core,7.1.4,https://github.com/apache/tomee,,,,,,,,,,,,
SNYK-JAVA-ORGAPACHETOMEE-1052823,Authentication Bypass,Maven,org.apache.tomee:openejb-core,8.0.4,https://github.com/apache/tomee,,,,,,,,,,,,
SNYK-JAVA-ORGAPEREOCAS-468869,Insecure Randomness,Maven,org.apereo.cas:cas-server-support-oidc,6.1.0-RC5,https://github.com/apereo/cas.git,,,,,,,,,,,,
SNYK-JAVA-ORGCODEHAUSMOJO-540747,Arbitrary Code Execution,Maven,org.codehaus.mojo:exec-maven-plugin,1.2,https://github.com/mojohaus/exec-maven-plugin,,,,,,,,,,,,
SNYK-JAVA-ORGCODEHAUSPLEXUS-461102,XML External Entity (XXE) Injection,Maven,org.codehaus.plexus:plexus-utils,3.0.24,https://github.com/codehaus-plexus/plexus-utils,,,,,,,,,,,,
SNYK-JAVA-ORGECLIPSEJETTY-32385,Authorization Bypass,Maven,org.eclipse.jetty:jetty-server,9.2.25.v20180606,https://github.com/eclipse/jetty.project,,,,,,,,,,,,
SNYK-JAVA-ORGECLIPSEJETTY-32385,Authorization Bypass,Maven,org.eclipse.jetty:jetty-server,9.3.24.v20180605,https://github.com/eclipse/jetty.project,,,,,,,,,,,,
SNYK-JAVA-ORGECLIPSEJETTY-32385,Authorization Bypass,Maven,org.eclipse.jetty:jetty-server,9.4.11.v20180605,https://github.com/eclipse/jetty.project,,,,,,,,,,,,
SNYK-JAVA-ORGGITHUBEVENJN-538607,Regular Expression Denial of Service (ReDoS),Maven,org.github.evenjn:diff,3.5.0,https://github.com/evenjn/diff,,,,,,,,,,,,
SNYK-JAVA-ORGJENKINSCIMAIN-1062704,Access Restriction Bypass,Maven,org.jenkins-ci.main:jenkins-core,2.263.2,https://github.com/jenkinsci/jenkins,,,,,,,,,,,,
SNYK-JAVA-ORGJENKINSCIMAIN-1062704,Access Restriction Bypass,Maven,org.jenkins-ci.main:jenkins-core,2.275,https://github.com/jenkinsci/jenkins,,,,,,,,,,,,
SNYK-JAVA-ORGJENKINSCIMAIN-32252,Information Exposure,Maven,org.jenkins-ci.main:jenkins-core,1.651,https://github.com/jenkinsci/jenkins,,,,,,,,,,,,
SNYK-JAVA-ORGJENKINSCIMAIN-32252,Information Exposure,Maven,org.jenkins-ci.main:jenkins-core,2.3,https://github.com/jenkinsci/jenkins,,,,,,,,,,,,
SNYK-JAVA-ORGJENKINSCIPLUGINS-32133,Information Exposure,Maven,org.jenkins-ci.plugins:mercurial,2.3,https://github.com/jenkinsci/mercurial-plugin,,,,,,,,,,,,
SNYK-JAVA-ORGJENKINSCIPLUGINS-561368,Remote Code Execution,Maven,org.jenkins-ci.plugins:azure-acs,1.0.2,no repository listed,,,,,,,,,,,,
SNYK-JAVA-ORGJENKINSCIPLUGINS-609361,Cross-site Request Forgery (CSRF),Maven,org.jenkins-ci.plugins:database,1.7,no repository listed,,,,,,,,,,,,
SNYK-JAVA-ORGJENKINSCIPLUGINSWORKFLOW-449991,Sandbox Bypass,Maven,org.jenkins-ci.plugins.workflow:workflow-cps,2.64,no repository listed,,,,,,,,,,,,
SNYK-JAVA-ORGKEYCLOAK-569079,Improper Certificate Validation,Maven,org.keycloak:keycloak-services,10.0.0,https://github.com/keycloak/keycloak,,,,,,,,,,,,
SNYK-JAVA-ORGMEMBRANESOA-1015413,Directory Traversal,Maven,org.membrane-soa:service-proxy-core,4.7.3,https://github.com/membrane/service-proxy,,,,,,,,,,,,
SNYK-JAVA-ORGRED5-32097,Deserialization of Untrusted Data,Maven,org.red5:red5-server,1.0.8,https://github.com/Red5/red5-server.git,,,,,,,,,,,,
SNYK-JAVA-ORGSPRINGFRAMEWORKSECURITY-474642,Access Restriction Bypass,Maven,org.springframework.security:spring-security-web,4.1.5.RELEASE,https://github.com/spring-projects/spring-security,,,,,,,,,,,,
SNYK-JAVA-ORGSPRINGFRAMEWORKSECURITY-474642,Access Restriction Bypass,Maven,org.springframework.security:spring-security-web,4.2.4.RELEASE,https://github.com/spring-projects/spring-security,,,,,,,,,,,,
SNYK-JAVA-ORGSPRINGFRAMEWORKSECURITY-474642,Access Restriction Bypass,Maven,org.springframework.security:spring-security-web,5.0.3.RELEASE,https://github.com/spring-projects/spring-security,,,,,,,,,,,,
SNYK-JAVA-ORGWEBJARS-449947,Cross-site Scripting (XSS),Maven,org.webjars:swagger-ui,3.0.14,https://github.com/webjars/swagger-ui,,,,,,,,,,,,
SNYK-JAVA-ORGWEBJARS-479726,Prototype Pollution,Maven,org.webjars:handlebars,3.0.7,https://github.com/webjars/handlebars,,,,,,,,,,,,
SNYK-JAVA-ORGWEBJARS-479726,Prototype Pollution,Maven,org.webjars:handlebars,4.0.14,https://github.com/webjars/handlebars,,,,,,,,,,,,
SNYK-JAVA-ORGWEBJARS-479726,Prototype Pollution,Maven,org.webjars:handlebars,4.1.2,https://github.com/webjars/handlebars,,,,,,,,,,,,
SNYK-JAVA-ORGWEBJARS-480320,Regular Expression Denial of Service (ReDoS),Maven,org.webjars:vue,2.5.14,https://github.com/webjars/vue,,,,,,,,,,,,
SNYK-JAVA-ORGWEBJARSBOWERGITHUBBROCKPETRIE-538936,Outdated Static Dependency,Maven,org.webjars.bowergithub.brockpetrie:vue-moment,4.1.0,https://github.com/brockpetrie/vue-moment,,,,,,,,,,,,
SNYK-JAVA-ORGWEBJARSBOWERGITHUBCURE53-1035546,Cross-site Scripting (XSS),Maven,org.webjars.bowergithub.cure53:dompurify,2.2.6,https://github.com/cure53/DOMPurify,,,,,,,,,,,,
SNYK-JAVA-ORGWEBJARSBOWERGITHUBNODECA-479834,Arbitrary Code Execution,Maven,org.webjars.bowergithub.nodeca:js-yaml,3.13.1,https://github.com/nodeca/js-yaml,,,,,,,,,,,,
SNYK-JAVA-ORGWEBJARSBOWERGITHUBVUEJS-480323,Regular Expression Denial of Service (ReDoS),Maven,org.webjars.bowergithub.vuejs:vue,2.5.14,https://github.com/vuejs/vue,,,,,,,,,,,,
SNYK-JAVA-ORGWEBJARSNPM-479533,Cross-site Scripting (XSS),Maven,org.webjars.npm:buefy,0.7.2,https://github.com/buefy/buefy,,,,,,,,,,,,
SNYK-JAVA-ORGWEBJARSNPM-479829,Denial of Service (DoS),Maven,org.webjars.npm:js-yaml,3.13.0,https://github.com/nodeca/js-yaml,,,,,,,,,,,,
SNYK-JAVA-ORGWEBJARSNPM-479883,Prototype Pollution,Maven,org.webjars.npm:lodash.merge,4.6.2,https://github.com/lodash/lodash,,,,,,,,,,,,
SNYK-JAVA-ORGWEBJARSNPM-479972,Arbitrary Code Execution,Maven,org.webjars.npm:mathjs,3.10.3,https://github.com/josdejong/mathjs,,,,,,,,,,,,
SNYK-JAVA-ORGWEBJARSNPM-479987,Denial of Service (DoS),Maven,org.webjars.npm:mem,4.0.0,https://github.com/sindresorhus/mem,,,,,,,,,,,,
SNYK-JAVA-ORGWEBJARSNPM-480021,Arbitrary Code Injection,Maven,org.webjars.npm:morgan,1.9.1,https://github.com/expressjs/morgan,,,,,,,,,,,,
SNYK-JAVA-ORGWEBJARSNPM-480114,Prototype Override,Maven,org.webjars.npm:querystringify,2.0.0,https://github.com/unshiftio/querystringify,,,,,,,,,,,,
SNYK-JAVA-ORGWEBJARSNPM-480136,Cross-site Scripting (XSS),Maven,org.webjars.npm:react-dom,16.0.1,https://github.com/facebook/react,,,,,,,,,,,,
SNYK-JAVA-ORGWEBJARSNPM-480136,Cross-site Scripting (XSS),Maven,org.webjars.npm:react-dom,16.1.2,https://github.com/facebook/react,,,,,,,,,,,,
SNYK-JAVA-ORGWEBJARSNPM-480136,Cross-site Scripting (XSS),Maven,org.webjars.npm:react-dom,16.2.1,https://github.com/facebook/react,,,,,,,,,,,,
SNYK-JAVA-ORGWEBJARSNPM-480136,Cross-site Scripting (XSS),Maven,org.webjars.npm:react-dom,16.3.3,https://github.com/facebook/react,,,,,,,,,,,,
SNYK-JAVA-ORGWEBJARSNPM-480136,Cross-site Scripting (XSS),Maven,org.webjars.npm:react-dom,16.4.2,https://github.com/facebook/react,,,,,,,,,,,,
SNYK-JAVA-ORGWEBJARSNPM-480274,Cross-site Scripting (XSS),Maven,org.webjars.npm:tinymce,4.7.12,https://github.com/tinymce/tinymce,,,,,,,,,,,,
SNYK-JAVA-ORGWEBJARSNPM-480322,Regular Expression Denial of Service (ReDoS),Maven,org.webjars.npm:vue,2.5.14,https://github.com/vuejs/vue,,,,,,,,,,,,
SNYK-JAVA-ORGWEBJARSNPM-480355,Regular Expression Denial of Service (ReDoS),Maven,org.webjars.npm:xlsx,0.12.2,https://github.com/SheetJS/sheetjs,,,,,,,,,,,,
SNYK-JAVA-ORGWEBJARSNPM-595669,Regular Expression Denial of Service (ReDoS  ),Maven,org.webjars.npm:marked,1.1.1,https://github.com/markedjs/marked,,,,,,,,,,,,
SNYK-PHP-BAGISTOBAGISTO-467191,Broken Access Control,Composer,bagisto/bagisto,0.1.6,https://github.com/bagisto/bagisto,,,,,,,,,,,,
SNYK-PHP-BOLTBOLT-597088,Improper Access Control,Composer,bolt/bolt,3.3.6,https://github.com/bolt/bolt,,,,,,,,,,,,
SNYK-PHP-CENTREONCENTREON-472429,Cross-site Scripting (XSS),Composer,centreon/centreon,18.10.5,https://github.com/centreon/centreon,,,,,,,,,,,,
SNYK-PHP-CENTREONCENTREON-472429,Cross-site Scripting (XSS),Composer,centreon/centreon,2.8.28,https://github.com/centreon/centreon,,,,,,,,,,,,
SNYK-PHP-CRAFTCMSCMS-450195,Cross-site Scripting (XSS),Composer,craftcms/cms,3.1.31,https://github.com/craftcms/cms,,,,,,,,,,,,
SNYK-PHP-DRUPALDRUPAL-538566,Access Restriction Bypass,Composer,drupal/drupal,8.7.11,https://github.com/drupal/drupal,,,,,,,,,,,,
SNYK-PHP-DRUPALDRUPAL-538566,Access Restriction Bypass,Composer,drupal/drupal,8.8.1,https://github.com/drupal/drupal,,,,,,,,,,,,
SNYK-PHP-EZYANGHTMLPURIFIER-72371,Cross-site Scripting (XSS),Composer,ezyang/htmlpurifier,4.1.1,https://github.com/ezyang/htmlpurifier,,,,,,,,,,,,
SNYK-PHP-FLARUMTAGS-1066166,Privilege Escalation,Composer,flarum/tags,0.1.0-beta.13,https://github.com/flarum/tags,,,,,,,,,,,,
SNYK-PHP-GETGRAVGRAV-466420,Cross-site Scripting (XSS),Composer,getgrav/grav,1.6.16,https://github.com/getgrav/grav,,,,,,,,,,,,
SNYK-PHP-IIGNATOVLIGHTOPENID-174633,Server-Side Request Forgery (SSRF),Composer,iignatov/lightopenid,1.3.0,https://github.com/WillSkates/LightOpenID,,,,,,,,,,,,
SNYK-PHP-ILLUMINATEDATABASE-1069891,Resource Management Errors,Composer,illuminate/database,6.20.14,https://github.com/illuminate/database,,,,,,,,,,,,
SNYK-PHP-ILLUMINATEDATABASE-1069891,Resource Management Errors,Composer,illuminate/database,7.30.4,https://github.com/illuminate/database,,,,,,,,,,,,
SNYK-PHP-ILLUMINATEDATABASE-1069891,Resource Management Errors,Composer,illuminate/database,8.24.0,https://github.com/illuminate/database,,,,,,,,,,,,
SNYK-PHP-MAGENTOCOMMUNITYEDITION-174043,Remote Code Execution (RCE),Composer,magento/community-edition,2.1.17,https://github.com/magento/magento2,,,,,,,,,,,,
SNYK-PHP-MAGENTOCOMMUNITYEDITION-174043,Remote Code Execution (RCE),Composer,magento/community-edition,2.2.8,https://github.com/magento/magento2,,,,,,,,,,,,
SNYK-PHP-MAGENTOCOMMUNITYEDITION-174043,Remote Code Execution (RCE),Composer,magento/community-edition,2.3.1,https://github.com/magento/magento2,,,,,,,,,,,,
SNYK-PHP-MAGENTOCOMMUNITYEDITION-174048,Remote Code Execution,Composer,magento/community-edition,2.1.17,https://github.com/magento/magento2,,,,,,,,,,,,
SNYK-PHP-MAGENTOCOMMUNITYEDITION-174048,Remote Code Execution,Composer,magento/community-edition,2.2.8,https://github.com/magento/magento2,,,,,,,,,,,,
SNYK-PHP-MAGENTOCOMMUNITYEDITION-174048,Remote Code Execution,Composer,magento/community-edition,2.3.1,https://github.com/magento/magento2,,,,,,,,,,,,
SNYK-PHP-MAGENTOCOMMUNITYEDITION-174066,Cross-site Scripting (XSS),Composer,magento/community-edition,2.1.17,https://github.com/magento/magento2,,,,,,,,,,,,
SNYK-PHP-MAGENTOCOMMUNITYEDITION-174066,Cross-site Scripting (XSS),Composer,magento/community-edition,2.2.8,https://github.com/magento/magento2,,,,,,,,,,,,
SNYK-PHP-MAGENTOCOMMUNITYEDITION-174066,Cross-site Scripting (XSS),Composer,magento/community-edition,2.3.1,https://github.com/magento/magento2,,,,,,,,,,,,
SNYK-PHP-MAGENTOCOMMUNITYEDITION-174067,Cross-site Scripting (XSS),Composer,magento/community-edition,2.1.17,https://github.com/magento/magento2,,,,,,,,,,,,
SNYK-PHP-MAGENTOCOMMUNITYEDITION-174067,Cross-site Scripting (XSS),Composer,magento/community-edition,2.2.8,https://github.com/magento/magento2,,,,,,,,,,,,
SNYK-PHP-MAGENTOCOMMUNITYEDITION-174067,Cross-site Scripting (XSS),Composer,magento/community-edition,2.3.1,https://github.com/magento/magento2,,,,,,,,,,,,
SNYK-PHP-MAGENTOCOMMUNITYEDITION-174071,Cross-site Scripting (XSS),Composer,magento/community-edition,2.1.17,https://github.com/magento/magento2,,,,,,,,,,,,
SNYK-PHP-MAGENTOCOMMUNITYEDITION-174071,Cross-site Scripting (XSS),Composer,magento/community-edition,2.2.8,https://github.com/magento/magento2,,,,,,,,,,,,
SNYK-PHP-MAGENTOCOMMUNITYEDITION-174071,Cross-site Scripting (XSS),Composer,magento/community-edition,2.3.1,https://github.com/magento/magento2,,,,,,,,,,,,
SNYK-PHP-MAGENTOCOMMUNITYEDITION-174072,Cross-site Scripting (XSS),Composer,magento/community-edition,2.1.17,https://github.com/magento/magento2,,,,,,,,,,,,
SNYK-PHP-MAGENTOCOMMUNITYEDITION-174072,Cross-site Scripting (XSS),Composer,magento/community-edition,2.2.8,https://github.com/magento/magento2,,,,,,,,,,,,
SNYK-PHP-MAGENTOCOMMUNITYEDITION-174072,Cross-site Scripting (XSS),Composer,magento/community-edition,2.3.1,https://github.com/magento/magento2,,,,,,,,,,,,
SNYK-PHP-MAGENTOCOMMUNITYEDITION-174079,Information Exposure,Composer,magento/community-edition,2.1.17,https://github.com/magento/magento2,,,,,,,,,,,,
SNYK-PHP-MAGENTOCOMMUNITYEDITION-174079,Information Exposure,Composer,magento/community-edition,2.2.8,https://github.com/magento/magento2,,,,,,,,,,,,
SNYK-PHP-MAGENTOCOMMUNITYEDITION-174079,Information Exposure,Composer,magento/community-edition,2.3.1,https://github.com/magento/magento2,,,,,,,,,,,,
SNYK-PHP-MAGENTOCOMMUNITYEDITION-458969,Resource Injection,Composer,magento/community-edition,2.1.18,https://github.com/magento/magento2,,,,,,,,,,,,
SNYK-PHP-MAGENTOCOMMUNITYEDITION-458969,Resource Injection,Composer,magento/community-edition,2.2.9,https://github.com/magento/magento2,,,,,,,,,,,,
SNYK-PHP-MAGENTOCOMMUNITYEDITION-458969,Resource Injection,Composer,magento/community-edition,2.3.2,https://github.com/magento/magento2,,,,,,,,,,,,
SNYK-PHP-MAGENTOCOMMUNITYEDITION-458996,Cross-site Request Forgery (CSRF),Composer,magento/community-edition,2.1.18,https://github.com/magento/magento2,,,,,,,,,,,,
SNYK-PHP-MAGENTOCOMMUNITYEDITION-458996,Cross-site Request Forgery (CSRF),Composer,magento/community-edition,2.2.9,https://github.com/magento/magento2,,,,,,,,,,,,
SNYK-PHP-MAGENTOCOMMUNITYEDITION-458996,Cross-site Request Forgery (CSRF),Composer,magento/community-edition,2.3.2,https://github.com/magento/magento2,,,,,,,,,,,,
SNYK-PHP-MAGENTOCOMMUNITYEDITION-473097,Cross-site Scripting (XSS),Composer,magento/community-edition,2.2.10,https://github.com/magento/magento2,,,,,,,,,,,,
SNYK-PHP-MAGENTOCOMMUNITYEDITION-473097,Cross-site Scripting (XSS),Composer,magento/community-edition,2.3.2-p2,https://github.com/magento/magento2,,,,,,,,,,,,
SNYK-PHP-MAGENTOCOMMUNITYEDITION-595965,Directory Traversal,Composer,magento/community-edition,2.3.5-p2,https://github.com/magento/magento2,,,,,,,,,,,,
SNYK-PHP-MAGENTOCORE-174089,Information Disclousure,Composer,magento/core,1.9.4.1,https://github.com/bragento/magento-core,,,,,,,,,,,,
SNYK-PHP-MAGENTOCORE-568591,Cross-site Scripting (XSS),Composer,magento/core,1.9.4.5,https://github.com/bragento/magento-core,,,,,,,,,,,,
SNYK-PHP-MAGENTOCORE-72832,Cross-site Scripting (XSS),Composer,magento/core,1.9.4.0,https://github.com/bragento/magento-core,,,,,,,,,,,,
SNYK-PHP-MAGENTOCORE-72833,Cross-site Scripting (XSS),Composer,magento/core,1.9.4.0,https://github.com/bragento/magento-core,,,,,,,,,,,,
SNYK-PHP-MAGENTOCORE-72835,Information Exposure,Composer,magento/core,1.9.4.0,https://github.com/bragento/magento-core,,,,,,,,,,,,
SNYK-PHP-MEDIAWIKICORE-1019378,Information Disclosure,Composer,mediawiki/core,1.31.4,https://github.com/wikimedia/mediawiki,,,,,,,,,,,,
SNYK-PHP-MEDIAWIKICORE-1019378,Information Disclosure,Composer,mediawiki/core,1.32.4,https://github.com/wikimedia/mediawiki,,,,,,,,,,,,
SNYK-PHP-MEDIAWIKICORE-1019378,Information Disclosure,Composer,mediawiki/core,1.33.1,https://github.com/wikimedia/mediawiki,,,,,,,,,,,,
SNYK-PHP-NYSTUDIO107CRAFTSEOMATIC-568917,Server Side Template Injection (SSTI),Composer,nystudio107/craft-seomatic,3.3.0,https://github.com/nystudio107/craft-seomatic,,,,,,,,,,,,
SNYK-PHP-OCTOBEROCTOBER-1044029,Cross-site Scripting (XSS),Composer,october/october,1.0.469,https://github.com/octobercms/october,,,,,,,,,,,,
SNYK-PHP-PHPWHOISPHPWHOIS-72387,Arbitrary Code Injection,Composer,phpwhois/phpwhois,manual checkup needed,https://github.com/phpWhois/phpWhois,,,,,,,,,,,,
SNYK-PHP-SABBERWORMPHPCSSPARSER-571300,Remote Code Execution (RCE),Composer,sabberworm/php-css-parser,8.3.1,https://github.com/sabberworm/PHP-CSS-Parser,,,,,,,,,,,,
SNYK-PHP-SILVERSTRIPEFRAMEWORK-546487,Cross-site Scripting (XSS),Composer,silverstripe/framework,3.4.4,https://github.com/silverstripe/silverstripe-framework,,,,,,,,,,,,
SNYK-PHP-SILVERSTRIPEFRAMEWORK-546487,Cross-site Scripting (XSS),Composer,silverstripe/framework,3.5.2,https://github.com/silverstripe/silverstripe-framework,,,,,,,,,,,,
SNYK-PHP-SILVERSTRIPEFRAMEWORK-546494,SQL Injection,Composer,silverstripe/framework,3.5.6,https://github.com/silverstripe/silverstripe-framework,,,,,,,,,,,,
SNYK-PHP-SILVERSTRIPEFRAMEWORK-546494,SQL Injection,Composer,silverstripe/framework,3.6.3,https://github.com/silverstripe/silverstripe-framework,,,,,,,,,,,,
SNYK-PHP-SILVERSTRIPEFRAMEWORK-546494,SQL Injection,Composer,silverstripe/framework,4.0.1,https://github.com/silverstripe/silverstripe-framework,,,,,,,,,,,,
SNYK-PHP-SILVERSTRIPEFRAMEWORK-546495,Privilege Escalation,Composer,silverstripe/framework,3.5.8,https://github.com/silverstripe/silverstripe-framework,,,,,,,,,,,,
SNYK-PHP-SILVERSTRIPEFRAMEWORK-546495,Privilege Escalation,Composer,silverstripe/framework,3.6.6,https://github.com/silverstripe/silverstripe-framework,,,,,,,,,,,,
SNYK-PHP-SILVERSTRIPEFRAMEWORK-546495,Privilege Escalation,Composer,silverstripe/framework,4.0.4,https://github.com/silverstripe/silverstripe-framework,,,,,,,,,,,,
SNYK-PHP-SILVERSTRIPEFRAMEWORK-546495,Privilege Escalation,Composer,silverstripe/framework,4.1.1,https://github.com/silverstripe/silverstripe-framework,,,,,,,,,,,,
SNYK-PHP-SILVERSTRIPESUBSITES-546524,SQL Injection,Composer,silverstripe/subsites,2.1.1,https://github.com/silverstripe/silverstripe-subsites,,,,,,,,,,,,
SNYK-PHP-SMARTYSMARTY-1078282,Arbitrary Code Injection,Composer,smarty/smarty,3.1.39,https://github.com/smarty-php/smarty,,,,,,,,,,,,
SNYK-PHP-SPOONLIBRARY-1077070,Cross-site Scripting (XSS),Composer,spoon/library,3.2.8,https://github.com/forkcms/library,,,,,,,,,,,,
SNYK-PHP-STUDIO42ELFINDER-73505,Information Exposure,Composer,studio-42/elfinder,2.1.45,https://github.com/Studio-42/elFinder,,,,,,,,,,,,
SNYK-PHP-SYLIUSRESOURCEBUNDLE-598865,Remote Code Execution (RCE),Composer,sylius/resource-bundle,1.3.14,https://github.com/Sylius/SyliusResourceBundle,,,,,,,,,,,,
SNYK-PHP-SYLIUSRESOURCEBUNDLE-598865,Remote Code Execution (RCE),Composer,sylius/resource-bundle,1.4.7,https://github.com/Sylius/SyliusResourceBundle,,,,,,,,,,,,
SNYK-PHP-SYLIUSRESOURCEBUNDLE-598865,Remote Code Execution (RCE),Composer,sylius/resource-bundle,1.5.2,https://github.com/Sylius/SyliusResourceBundle,,,,,,,,,,,,
SNYK-PHP-SYLIUSRESOURCEBUNDLE-598865,Remote Code Execution (RCE),Composer,sylius/resource-bundle,1.6.4,https://github.com/Sylius/SyliusResourceBundle,,,,,,,,,,,,
SNYK-PHP-SYMFONYHTTPFOUNDATION-72253,Access Restriction Bypass,Composer,symfony/http-foundation,2.7.49,https://github.com/symfony/http-foundation,,,,,,,,,,,,
SNYK-PHP-SYMFONYHTTPFOUNDATION-72253,Access Restriction Bypass,Composer,symfony/http-foundation,2.8.44,https://github.com/symfony/http-foundation,,,,,,,,,,,,
SNYK-PHP-SYMFONYHTTPFOUNDATION-72253,Access Restriction Bypass,Composer,symfony/http-foundation,3.3.18,https://github.com/symfony/http-foundation,,,,,,,,,,,,
SNYK-PHP-SYMFONYHTTPFOUNDATION-72253,Access Restriction Bypass,Composer,symfony/http-foundation,3.4.14,https://github.com/symfony/http-foundation,,,,,,,,,,,,
SNYK-PHP-SYMFONYHTTPFOUNDATION-72253,Access Restriction Bypass,Composer,symfony/http-foundation,4.0.14,https://github.com/symfony/http-foundation,,,,,,,,,,,,
SNYK-PHP-SYMFONYHTTPFOUNDATION-72253,Access Restriction Bypass,Composer,symfony/http-foundation,4.1.3,https://github.com/symfony/http-foundation,,,,,,,,,,,,
SNYK-PHP-SYMFONYMIME-535379,Arbitrary Code Execution,Composer,symfony/mime,4.3.8,https://github.com/symfony/mime,,,,,,,,,,,,
SNYK-PHP-SYMFONYSYMFONY-535350,Timing Attack,Composer,symfony/symfony,2.8.52,https://github.com/symfony/symfony,,,,,,,,,,,,
SNYK-PHP-SYMFONYSYMFONY-535350,Timing Attack,Composer,symfony/symfony,3.4.35,https://github.com/symfony/symfony,,,,,,,,,,,,
SNYK-PHP-SYMFONYSYMFONY-535350,Timing Attack,Composer,symfony/symfony,4.2.12,https://github.com/symfony/symfony,,,,,,,,,,,,
SNYK-PHP-SYMFONYSYMFONY-535350,Timing Attack,Composer,symfony/symfony,4.3.8,https://github.com/symfony/symfony,,,,,,,,,,,,
SNYK-PHP-TYPO3CMS-538229,Deserialization of Untrusted Data,Composer,typo3/cms,8.7.30,https://github.com/TYPO3/TYPO3.CMS,,,,,,,,,,,,
SNYK-PHP-TYPO3CMS-538229,Deserialization of Untrusted Data,Composer,typo3/cms,9.5.12,https://github.com/TYPO3/TYPO3.CMS,,,,,,,,,,,,
SNYK-PHP-TYPO3CMS-72685,Denial of Service (DoS),Composer,typo3/cms,8.7.21,https://github.com/TYPO3/TYPO3.CMS,,,,,,,,,,,,
SNYK-PHP-TYPO3CMS-72690,Cross-site Scripting (XSS),Composer,typo3/cms,8.7.21,https://github.com/TYPO3/TYPO3.CMS,,,,,,,,,,,,
SNYK-PHP-TYPO3CMS-72690,Cross-site Scripting (XSS),Composer,typo3/cms,9.5.2,https://github.com/TYPO3/TYPO3.CMS,,,,,,,,,,,,
SNYK-PHP-TYPO3CMSCORE-538227,Deserialization of Untrusted Data,Composer,typo3/cms-core,8.7.30,https://github.com/TYPO3/TYPO3.CMS,,,,,,,,,,,,
SNYK-PHP-TYPO3CMSCORE-538227,Deserialization of Untrusted Data,Composer,typo3/cms-core,9.5.12,https://github.com/TYPO3/TYPO3.CMS,,,,,,,,,,,,
SNYK-PHP-TYPO3CMSCORE-538231,Cross-site Scripting (XSS),Composer,typo3/cms-core,10.2.1,https://github.com/TYPO3/TYPO3.CMS,,,,,,,,,,,,
SNYK-PHP-TYPO3CMSCORE-538231,Cross-site Scripting (XSS),Composer,typo3/cms-core,8.7.30,https://github.com/TYPO3/TYPO3.CMS,,,,,,,,,,,,
SNYK-PHP-TYPO3CMSCORE-538231,Cross-site Scripting (XSS),Composer,typo3/cms-core,9.5.12,https://github.com/TYPO3/TYPO3.CMS,,,,,,,,,,,,
SNYK-PHP-TYPO3CMSCORE-72680,Cross-site Scripting (XSS),Composer,typo3/cms-core,8.7.21,https://github.com/TYPO3/TYPO3.CMS,,,,,,,,,,,,
SNYK-PHP-TYPO3CMSCORE-72680,Cross-site Scripting (XSS),Composer,typo3/cms-core,9.5.2,https://github.com/TYPO3/TYPO3.CMS,,,,,,,,,,,,
SNYK-PHP-VRANAADMINER-1072462,Cross-site Scripting (XSS),Composer,vrana/adminer,4.7.9,https://github.com/vrana/adminer,,,,,,,,,,,,
SNYK-PHP-WOOCOMMERCEWOOCOMMERCE-73653,Arbitrary Code Injection,Composer,woocommerce/woocommerce,3.2.4,https://github.com/woocommerce/woocommerce,,,,,,,,,,,,
SNYK-PYTHON-ANSIBLE-451466,Man-in-the-Middle (MitM),pip,ansible,1.2.1,https://github.com/ansible/ansible,,,,,,,,,,,,
SNYK-PYTHON-APACHEAIRFLOW-174175,Cross-site Request Forgery (CSRF),pip,apache-airflow,1.10.3,https://github.com/apache/airflow,,,,,,,,,,,,
SNYK-PYTHON-APACHEAIRFLOW-570290,Insecure Default,pip,apache-airflow,1.10.11,https://github.com/apache/airflow,,,,,,,,,,,,
SNYK-PYTHON-APACHESUPERSET-1014658,Information Exposure,pip,apache-superset,0.37.2,https://github.com/apache/superset,,,,,,,,,,,,
SNYK-PYTHON-AUBIO-472359,Out-of-Bounds,pip,aubio,0.4.7,https://github.com/aubio/aubio,,,,,,,,,,,,
SNYK-PYTHON-BIRDHOUSEBUILDERRECIPENGINX-42102,Man-in-the-Middle (MitM),pip,birdhousebuilder-recipe-nginx,0.1.5,no repository listed,,,,,,,,,,,,
SNYK-PYTHON-BLEACH-552160,Cross-site Scripting (XSS),pip,bleach,3.1.1,https://github.com/mozilla/bleach,,,,,,,,,,,,
SNYK-PYTHON-BUILDBOT-42151,Cross-site Scripting (XSS),pip,buildbot,0.7.11p3,https://github.com/buildbot/buildbot,,,,,,,,,,,,
SNYK-PYTHON-BUILDBOT-73642,CRLF injection,pip,buildbot,1.8.1,https://github.com/buildbot/buildbot,,,,,,,,,,,,
SNYK-PYTHON-CATALYST-1063226,Deserialization of Untrusted Data,pip,catalyst,21.1rc0,https://github.com/catalyst-team/catalyst,,,,,,,,,,,,
SNYK-PYTHON-CCF-609299,Replay Attack,pip,ccf,0.7,no repository listed,,,,,,,,,,,,
SNYK-PYTHON-COLLECTIVEEASYFORM-1047476,XML External Entity (XXE) Injection,pip,collective.easyform,3.0.5,https://github.com/collective/collective.easyform,,,,,,,,,,,,
SNYK-PYTHON-COLLECTIVENOTICEBOARD-42133,Improper Validation,pip,collective-noticeboard,0.7.1,https://github.com/collective/collective.noticeboard,,,,,,,,,,,,
SNYK-PYTHON-CONFLUENTKAFKA-565716,Buffer Overflow,pip,confluent-kafka,1.4.0,https://github.com/confluentinc/confluent-kafka-python,,,,,,,,,,,,
SNYK-PYTHON-DATASETTE-598229,Information Exposure,pip,datasette,0.46,https://github.com/simonw/datasette,,,,,,,,,,,,
SNYK-PYTHON-DJANGO-40779,Regular Expression Denial of Service (ReDoS),pip,django,1.11.11,https://github.com/django/django,,,,,,,,,,,,
SNYK-PYTHON-DJANGO-40779,Regular Expression Denial of Service (ReDoS),pip,django,1.8.19,https://github.com/django/django,,,,,,,,,,,,
SNYK-PYTHON-DJANGO-40779,Regular Expression Denial of Service (ReDoS),pip,django,2.0.3,https://github.com/django/django,,,,,,,,,,,,
SNYK-PYTHON-DJANGOCACHEOPS-40772,Regular Expression Denial of Service (ReDoS),pip,django-cacheops,4.0.6,https://github.com/Suor/django-cacheops,,,,,,,,,,,,
SNYK-PYTHON-DJANGOCELERYRESULTS-598234,Cleartext Storage of Sensitive Information,pip,django-celery-results,2.0.0,https://github.com/celery/django-celery-results,,,,,,,,,,,,
SNYK-PYTHON-DJANGOCOUNCILMATIC-609306,Cross-site Scripting (XSS),pip,django-councilmatic,2.5.9,https://github.com/datamade/la-metro-councilmatic,,,,,,,,,,,,
SNYK-PYTHON-DJANGOREQUESTLOGGING-450915,Information Exposure,pip,django-request-logging,0.6.9,https://github.com/Rhumbix/django-request-logging,,,,,,,,,,,,
SNYK-PYTHON-DYNAMODBENCRYPTIONSDK-1070809,Improper Authorization,pip,dynamodb-encryption-sdk,1.3.0,https://github.com/aws/aws-dynamodb-encryption-python,,,,,,,,,,,,
SNYK-PYTHON-ELASTICAPPSEARCH-571376,Cross-site Scripting (XSS),pip,elastic-app-search,7.7.0,no repository listed,,,,,,,,,,,,
SNYK-PYTHON-EMITTERIO-570768,Information Exposure,pip,emitter-io,2.704,https://github.com/emitter-io/emitter,,,,,,,,,,,,
SNYK-PYTHON-IMAGEIO-564348,Arbitrary Code Injection,pip,imageio,2.6.0,https://github.com/imageio/imageio,,,,,,,,,,,,
SNYK-PYTHON-INVENIOCOMMUNITIES-455847,Cross-site Scripting (XSS),pip,invenio-communities,1.0.0a20,https://github.com/inveniosoftware/invenio-communities,,,,,,,,,,,,
SNYK-PYTHON-INVENIORECORDS-455834,Cross-site Scripting (XSS),pip,invenio-records,1.0.2,https://github.com/inveniosoftware/invenio-records,,,,,,,,,,,,
SNYK-PYTHON-INVENIORECORDS-455834,Cross-site Scripting (XSS),pip,invenio-records,1.1.1,https://github.com/inveniosoftware/invenio-records,,,,,,,,,,,,
SNYK-PYTHON-INVENIORECORDS-455834,Cross-site Scripting (XSS),pip,invenio-records,1.2.2,https://github.com/inveniosoftware/invenio-records,,,,,,,,,,,,
SNYK-PYTHON-LIBFWSIPYTHON-471960,Buffer Over-read,pip,libfwsi-python,20191006,https://github.com/libyal/libfwsi,,,,,,,,,,,,
SNYK-PYTHON-MAPPROXY-42048,Cross-site Scripting (XSS),pip,mapproxy,1.10.4,no repository listed,,,,,,,,,,,,
SNYK-PYTHON-OCTAVIA-174798,Incorrect Access Control,pip,octavia,0.9.0,https://github.com/openstack/octavia,,,,,,,,,,,,
SNYK-PYTHON-OIC-1047572,Cryptographic Issues,pip,oic,1.2.1,https://github.com/OpenIDC/pyoidc,,,,,,,,,,,,
SNYK-PYTHON-OSBSCLIENT-451566,Arbitrary Code Execution,pip,osbs-client,0.56.1,https://github.com/projectatomic/osbs-client,,,,,,,,,,,,
SNYK-PYTHON-PATRONI-1077063,Timing Attack,pip,patroni,2.0.2,https://github.com/zalando/patroni,,,,,,,,,,,,
SNYK-PYTHON-PERSONNUMMER-674152,Improper Input Validation,pip,personnummer,3.0.2,https://github.com/personnummer/python,,,,,,,,,,,,
SNYK-PYTHON-PLATFORMIO-568834,Arbitrary File Write via Archive Extraction (Zip Slip),pip,platformio,4.1.0,https://github.com/platformio/platformio-core,,,,,,,,,,,,
SNYK-PYTHON-PYINSTALLER-541867,Execution with Unnecessary Privileges,pip,pyinstaller,3.6,https://github.com/pyinstaller/pyinstaller,,,,,,,,,,,,
SNYK-PYTHON-PYRADIOMICS-42174,Arbitrary Code Injection,pip,pyradiomics,1.1.1,https://github.com/Radiomics/pyradiomics,,,,,,,,,,,,
SNYK-PYTHON-PYRAMID-564352,Cross-site Scripting (XSS),pip,pyramid,1.1a1,https://github.com/Pylons/pyramid,,,,,,,,,,,,
SNYK-PYTHON-PYRAMID-564355,Information Exposure,pip,pyramid,1.0a3,https://github.com/Pylons/pyramid,,,,,,,,,,,,
SNYK-PYTHON-PYRO-72279,Arbitrary File Overwrite,pip,pyro,3.15,https://github.com/irmen/Pyro3,,,,,,,,,,,,
SNYK-PYTHON-PYTORCHLIGHTNING-609296,Arbitrary Shell Injection,pip,pytorch-lightning,0.9.0,https://github.com/PyTorchLightning/pytorch-lightning,,,,,,,,,,,,
SNYK-PYTHON-SENTRY-1049561,Open Redirect,pip,sentry,20.12.1,https://github.com/getsentry/sentry,,,,,,,,,,,,
SNYK-PYTHON-TENSORFLOW-1013602,Heap-based Buffer Overflow,pip,tensorflow,1.15.4,https://github.com/tensorflow/tensorflow,,,,,,,,,,,,
SNYK-PYTHON-TENSORFLOW-1013602,Heap-based Buffer Overflow,pip,tensorflow,2.0.3,https://github.com/tensorflow/tensorflow,,,,,,,,,,,,
SNYK-PYTHON-TENSORFLOW-1013602,Heap-based Buffer Overflow,pip,tensorflow,2.1.2,https://github.com/tensorflow/tensorflow,,,,,,,,,,,,
SNYK-PYTHON-TENSORFLOW-1013602,Heap-based Buffer Overflow,pip,tensorflow,2.2.1,https://github.com/tensorflow/tensorflow,,,,,,,,,,,,
SNYK-PYTHON-TENSORFLOW-1013602,Heap-based Buffer Overflow,pip,tensorflow,2.3.1,https://github.com/tensorflow/tensorflow,,,,,,,,,,,,
SNYK-PYTHON-TENSORFLOWCPU-1013447,Uninitialized Memory Exposure,pip,tensorflow-cpu,2.2.1,https://github.com/tensorflow/tensorflow,,,,,,,,,,,,
SNYK-PYTHON-TENSORFLOWCPU-1013447,Uninitialized Memory Exposure,pip,tensorflow-cpu,2.3.1,https://github.com/tensorflow/tensorflow,,,,,,,,,,,,
SNYK-PYTHON-TENSORFLOWGPU-1013535,Heap-based Buffer Overflow,pip,tensorflow-gpu,2.3.1,https://github.com/tensorflow/tensorflow,,,,,,,,,,,,
SNYK-PYTHON-TENSORFLOWGPU-1013540,NULL Pointer Dereference,pip,tensorflow-gpu,1.15.4,https://github.com/tensorflow/tensorflow,,,,,,,,,,,,
SNYK-PYTHON-TENSORFLOWGPU-1013540,NULL Pointer Dereference,pip,tensorflow-gpu,2.0.3,https://github.com/tensorflow/tensorflow,,,,,,,,,,,,
SNYK-PYTHON-TENSORFLOWGPU-1013540,NULL Pointer Dereference,pip,tensorflow-gpu,2.1.2,https://github.com/tensorflow/tensorflow,,,,,,,,,,,,
SNYK-PYTHON-TENSORFLOWGPU-1013540,NULL Pointer Dereference,pip,tensorflow-gpu,2.2.1,https://github.com/tensorflow/tensorflow,,,,,,,,,,,,
SNYK-PYTHON-TENSORFLOWGPU-1013540,NULL Pointer Dereference,pip,tensorflow-gpu,2.3.1,https://github.com/tensorflow/tensorflow,,,,,,,,,,,,
SNYK-PYTHON-TENSORFLOWGPU-1013560,Uninitialized Memory Exposure,pip,tensorflow-gpu,2.2.1,https://github.com/tensorflow/tensorflow,,,,,,,,,,,,
SNYK-PYTHON-TENSORFLOWGPU-1013560,Uninitialized Memory Exposure,pip,tensorflow-gpu,2.3.1,https://github.com/tensorflow/tensorflow,,,,,,,,,,,,
SNYK-PYTHON-THRIFT-564343,Denial of Service (DoS),pip,thrift,0.9.0,no repository listed,,,,,,,,,,,,
SNYK-PYTHON-TWISTED-564357,HTTP Header Injection,pip,twisted,19.2.0,https://github.com/twisted/twisted,,,,,,,,,,,,
SNYK-PYTHON-URLLIB3-1047466,Insecure Defaults,pip,urllib3,1.8,https://github.com/urllib3/urllib3,,,,,,,,,,,,
SNYK-PYTHON-WEBPY-42075,Cross-site Scripting (XSS),pip,web.py,0.39,https://github.com/webpy/webpy,,,,,,,,,,,,
SNYK-RUBY-ACTIONVIEW-632514,Cross-site Scripting (XSS),RubyGems,actionview,5.2.4.4,https://github.com/rails/rails/tree/v6.1.3.1/actionview,,,,,,,,,,,,
SNYK-RUBY-ACTIONVIEW-632514,Cross-site Scripting (XSS),RubyGems,actionview,6.0.3.3,https://github.com/rails/rails/tree/v6.1.3.1/actionview,,,,,,,,,,,,
SNYK-RUBY-BUNDLER-1078261,Unsafe Dependency Resolution,RubyGems,bundler,2.2.10,https://github.com/rubygems/rubygems/,,,,,,,,,,,,
SNYK-RUBY-DEVISETOKENAUTH-469060,Cross-site Scripting (XSS),RubyGems,devise_token_auth,1.1.4,https://github.com/lynndylanhurley/devise_token_auth,,,,,,,,,,,,
SNYK-RUBY-FATFREECRM-451554,Cross-site Scripting (XSS),RubyGems,fat_free_crm,0.14.2,https://github.com/fatfreecrm/fat_free_crm,,,,,,,,,,,,
SNYK-RUBY-FATFREECRM-451554,Cross-site Scripting (XSS),RubyGems,fat_free_crm,0.15.2,https://github.com/fatfreecrm/fat_free_crm,,,,,,,,,,,,
SNYK-RUBY-FATFREECRM-451554,Cross-site Scripting (XSS),RubyGems,fat_free_crm,0.16.4,https://github.com/fatfreecrm/fat_free_crm,,,,,,,,,,,,
SNYK-RUBY-FATFREECRM-451554,Cross-site Scripting (XSS),RubyGems,fat_free_crm,0.17.3,https://github.com/fatfreecrm/fat_free_crm,,,,,,,,,,,,
SNYK-RUBY-FATFREECRM-451554,Cross-site Scripting (XSS),RubyGems,fat_free_crm,0.18.1,https://github.com/fatfreecrm/fat_free_crm,,,,,,,,,,,,
SNYK-RUBY-FAYE-567843,Cross-Site Request Forgery (CSRF),RubyGems,faye,1.1.0,https://github.com/faye/faye,,,,,,,,,,,,
SNYK-RUBY-JQUERYRAILS-565439,Cross-site Scripting (XSS),RubyGems,jquery-rails,4.4.0,https://github.com/rails/jquery-rails,,,,,,,,,,,,
SNYK-RUBY-KRAMDOWN-585939,Remote Code Execution,RubyGems,kramdown,2.3.0,https://github.com/gettalong/kramdown,,,,,,,,,,,,
SNYK-RUBY-LODASHRAILS-559448,Prototype Pollution,RubyGems,lodash-rails,4.17.11,https://github.com/lodash/lodash,,,,,,,,,,,,
SNYK-RUBY-MARGINALIA-461068,SQL Injection,RubyGems,marginalia,1.6.0,https://github.com/basecamp/marginalia,,,,,,,,,,,,
SNYK-RUBY-MINIMAGICK-451567,Remote Code Execution,RubyGems,mini_magick,4.9.4,https://github.com/minimagick/minimagick,,,,,,,,,,,,
SNYK-RUBY-MYSQLBINUUIDRAILS-72549,SQL Injection,RubyGems,mysql-binuuid-rails,1.1.1,https://github.com/nedap/mysql-binuuid-rails,,,,,,,,,,,,
SNYK-RUBY-OAUTH-1012727,Man-in-the-Middle (MitM),RubyGems,oauth,0.5.5,no repository listed,,,,,,,,,,,,
SNYK-RUBY-PERSONNUMMER-674155,Improper Input Validation,RubyGems,personnummer,3.0.1,https://github.com/c7/personnummer,,,,,,,,,,,,
SNYK-RUBY-PUMA-570206,HTTP Request Smuggling,RubyGems,puma,3.12.6,https://github.com/puma/puma,,,,,,,,,,,,
SNYK-RUBY-PUMA-570206,HTTP Request Smuggling,RubyGems,puma,4.3.5,https://github.com/puma/puma,,,,,,,,,,,,
SNYK-RUBY-PUPPET-22031,Arbitrary Code Loading,RubyGems,puppet,5.3.7,https://github.com/puppetlabs/puppet,,,,,,,,,,,,
SNYK-RUBY-PUPPET-22031,Arbitrary Code Loading,RubyGems,puppet,5.5.2,https://github.com/puppetlabs/puppet,,,,,,,,,,,,
SNYK-RUBY-PUPPET-536102,Access Restriction Bypass,RubyGems,puppet,2.7.13,https://github.com/puppetlabs/puppet,,,,,,,,,,,,
SNYK-RUBY-RAILS-472693,SQL Injection,RubyGems,rails,2.1.1,https://github.com/rails/rails,,,,,,,,,,,,
SNYK-RUBY-RAILS-536097,Improper Input Validation,RubyGems,rails,2.3.10,https://github.com/rails/rails,,,,,,,,,,,,
SNYK-RUBY-RAILS-536097,Improper Input Validation,RubyGems,rails,3.0.1,https://github.com/rails/rails,,,,,,,,,,,,
SNYK-RUBY-RAILSADMIN-1059268,Cross-site Scripting (XSS),RubyGems,rails_admin,1.4.3,https://github.com/sferik/rails_admin,,,,,,,,,,,,
SNYK-RUBY-RAILSADMIN-1059268,Cross-site Scripting (XSS),RubyGems,rails_admin,2.0.2,https://github.com/sferik/rails_admin,,,,,,,,,,,,
SNYK-RUBY-RAILSADMIN-22006,Cross-site Scripting (XSS),RubyGems,rails_admin,1.3.0,https://github.com/sferik/rails_admin,,,,,,,,,,,,
SNYK-RUBY-REDPARQUET-483028,Use of Uninitialized Variable,RubyGems,red-parquet,0.15.1,https://github.com/apache/arrow,,,,,,,,,,,,
SNYK-RUBY-RUBYGEMSUPDATE-598864,Arbitrary Code Injection,RubyGems,rubygems-update,2.7.9,https://github.com/rubygems/rubygems,,,,,,,,,,,,
SNYK-RUBY-RUBYGEMSUPDATE-598864,Arbitrary Code Injection,RubyGems,rubygems-update,3.0.2,https://github.com/rubygems/rubygems,,,,,,,,,,,,
SNYK-RUBY-RUBYZIP-22039,Arbitrary File Write via Archive Extraction (Zip Slip),RubyGems,rubyzip,1.2.2,https://github.com/rubyzip/rubyzip,,,,,,,,,,,,
SNYK-RUBY-RUBYZIP-469156,Denial of Service (DoS),RubyGems,rubyzip,1.3.0,https://github.com/rubyzip/rubyzip,,,,,,,,,,,,
SNYK-RUBY-SECUREHEADERS-543239,Command Injection,RubyGems,secure_headers,3.8.0,https://github.com/twitter/secureheaders,,,,,,,,,,,,
SNYK-RUBY-SECUREHEADERS-543239,Command Injection,RubyGems,secure_headers,5.1.0,https://github.com/twitter/secureheaders,,,,,,,,,,,,
SNYK-RUBY-SECUREHEADERS-543239,Command Injection,RubyGems,secure_headers,6.2.0,https://github.com/twitter/secureheaders,,,,,,,,,,,,
SNYK-RUBY-SEQUEL-20443,Denial of Service (DoS),RubyGems,sequel,3.45.0,https://github.com/jeremyevans/sequel,,,,,,,,,,,,
SNYK-RUBY-SHOPPE-20441,Cross-site Request Forgery (CSRF),RubyGems,shoppe,1.1.1,https://github.com/tryshoppe/shoppe,,,,,,,,,,,,
SNYK-RUBY-SINATRA-20468,Session Fixation,RubyGems,sinatra,1.2.1,https://github.com/sinatra/sinatra,,,,,,,,,,,,
SNYK-RUBY-SINATRA-20469,Cross-site Scripting (XSS),RubyGems,sinatra,1.4.6,https://github.com/sinatra/sinatra,,,,,,,,,,,,
SNYK-RUBY-SOLIDUSAPI-20471,Privilege Escalation,RubyGems,solidus_api,1.1.0.pre2,https://github.com/solidusio/solidus,,,,,,,,,,,,
SNYK-RUBY-SOLIDUSBACKEND-20472,Privilege Escalation,RubyGems,solidus_backend,1.1.0.pre2,https://github.com/solidusio/solidus,,,,,,,,,,,,
SNYK-RUBY-SOLIDUSBACKEND-20473,Cross-site Scripting (XSS),RubyGems,solidus_backend,1.1.3,https://github.com/solidusio/solidus,,,,,,,,,,,,
SNYK-RUBY-SOLIDUSBACKEND-20473,Cross-site Scripting (XSS),RubyGems,solidus_backend,1.2.1,https://github.com/solidusio/solidus,,,,,,,,,,,,
SNYK-RUBY-SOLIDUSCORE-20474,Privilege Escalation,RubyGems,solidus_core,1.1.0.pre2,https://github.com/solidusio/solidus,,,,,,,,,,,,
SNYK-RUBY-SPREEBACKEND-20475,Json Hijacking,RubyGems,spree_backend,3.0.7,https://github.com/spree/spree,,,,,,,,,,,,
SNYK-RUBY-SPREEBACKEND-20476,Cross-site Scripting (XSS),RubyGems,spree_backend,1.0.5,https://github.com/spree/spree,,,,,,,,,,,,
SNYK-RUBY-SPREEBACKEND-20476,Cross-site Scripting (XSS),RubyGems,spree_backend,1.1.3,https://github.com/spree/spree,,,,,,,,,,,,
SNYK-RUBY-SPREEBACKEND-20476,Cross-site Scripting (XSS),RubyGems,spree_backend,1.2.1,https://github.com/spree/spree,,,,,,,,,,,,
SNYK-RUBY-SPREEFRONTEND-20477,Json Hijacking,RubyGems,spree_frontend,3.0.7,https://github.com/spree/spree,,,,,,,,,,,,
SNYK-RUBY-SQLITE3RUBY-536098,Access Restriction Bypass,RubyGems,sqlite3-ruby,1.2.4,https://github.com/luislavena/sqlite3-ruby,,,,,,,,,,,,
SNYK-RUBY-USERAGENTPARSER-559792,Regular Expression Denial of Service (ReDoS),RubyGems,user_agent_parser,2.6.0,https://github.com/ua-parser/uap-core,,,,,,,,,,,,
SNYK-RUBY-WEBSOCKETEXTENSIONS-570830,Regular Expression Denial of Service (ReDoS),RubyGems,websocket-extensions,0.1.5,https://github.com/faye/websocket-extensions-ruby,,,,,,,,,,,,