advisory_id,ecosystem,package_id,release_id,commit_count,file_count,loc_change,contributor_count,ifcve,severity,fix_to_release_delay
SNYK-JAVA-COMPUPPYCRAWLTOOLS-173770,Maven,2010,4880,45,152,8908,7,cve,M,0.0
SNYK-PYTHON-AWSCLI-40712,pip,2597,1001,10,10,251,4,noncve,M,0.0
SNYK-JAVA-ORGMONGODB-1079241,Maven,7,4154,5,7,32,3,cve,M,0.0
SNYK-PYTHON-WERKZEUG-1041750,pip,257,1530,14,4,207,3,cve,H,0.0
SNYK-JAVA-ORGCLOUDFOUNDRYIDENTITY-474639,Maven,2970,5206,8,19,497,1,cve,H,0.0
SNYK-JAVA-ORGAPACHETOMCAT-32110,Maven,157,4276,40,44,1380,7,cve,M,0.0
SNYK-JAVA-ORGSPRINGFRAMEWORKSECURITY-569093,Maven,847,4629,19,17,637,9,cve,H,0.0
SNYK-PYTHON-DJANGO-40382,pip,510,1091,68,50,664,36,cve,H,0.0
npm:boom:20130209,npm,3356,95,1,2,209,1,noncve,M,-0.0
SNYK-JS-SIMDITOR-174638,npm,3579,719,1,8,1100,1,cve,M,0.0
npm:querystringify:20180419,npm,2346,626,6,2,29,3,noncve,H,0.0
SNYK-RUBY-CLEARANCE-20419,RubyGems,2706,8233,5,9,122,2,noncve,M,0.0
npm:restafary:20160328,npm,3055,653,2,1,3,1,cve,M,0.0
npm:uas-parser:20180305,npm,2426,807,6,2,96,2,noncve,H,0.0
npm:loopback-connector-oracle:20150108,npm,2865,462,4,2,231,2,noncve,M,0.0
SNYK-JAVA-ORGSPRINGFRAMEWORKINTEGRATION-73517,Maven,2068,4905,54,477,10495,5,cve,H,0.0
SNYK-GOLANG-GITHUBCOMCONTAINOUSTRAEFIKAPI-597114,Go,569,8686,19,23,768,12,cve,M,0.0
SNYK-JS-URLPARSE-1078283,npm,26,812,12,4,104,4,cve,M,0.0
SNYK-JS-REVEALJS-543841,npm,1287,656,3,1,23,1,cve,H,0.0
SNYK-PHP-SYMFONYSYMFONY-70376,Composer,1391,7730,19,22,777,5,cve,M,0.0
SNYK-JAVA-JUNIT-1017047,Maven,682,4547,20,7,136,6,cve,L,0.0
SNYK-PYTHON-PERSONNUMMER-674152,pip,480,1314,11,3,214,1,noncve,M,0.0
npm:content:20170908,npm,2422,135,1,1,9,1,cve,M,-0.0
SNYK-JS-STOPLIGHTMARKDOWN-1078260,npm,40,32,1,3,85,1,noncve,M,0.0
SNYK-JAVA-ORGAPACHETOMCAT-551994,Maven,1253,4720,98,110,3362,10,cve,H,0.0
SNYK-PHP-UAPARSERUAPPHP-72742,Composer,2087,7909,1,2,409,1,cve,M,0.0
SNYK-PHP-GRUMPYDICTATORFIREFLYIII-451647,Composer,358,7428,4,3,32,1,cve,M,0.0
SNYK-JAVA-ORGMONGODB-1079241,Maven,7,4157,6,10,35,1,cve,M,0.0
SNYK-PYTHON-PYSAML2-543298,pip,1319,1386,30,26,1150,6,cve,M,0.0
npm:moment:20160126,npm,2587,502,5,6,30,3,cve,M,0.0
SNYK-PHP-CODEIGNITERFRAMEWORK-70012,Composer,2269,7934,24,131,13410,3,noncve,M,0.0
npm:quill:20160916,npm,1622,627,564,31,102732,19,noncve,M,0.0
SNYK-JS-MEEMOAPP-608290,npm,518,482,35,13,594,4,noncve,H,0.0
SNYK-GOLANG-GITHUBCOMMIEKGDNS-174002,Go,1995,8816,71,264,55089,21,cve,H,0.0
SNYK-PYTHON-WAGTAIL2FA-536385,pip,3657,1517,23,10,332,5,cve,H,0.0
SNYK-JAVA-ORGSPRINGFRAMEWORKSECURITYOAUTH-72464,Maven,2003,4878,7,7,335,4,cve,H,0.0
SNYK-JS-ISMYJSONVALID-597167,npm,623,376,2,1,29,1,noncve,H,0.0
SNYK-PYTHON-DJANGO-538244,pip,510,1116,8,6,84,5,cve,M,0.0
SNYK-JS-FASTCSVPARSE-1049537,npm,233,12,32,8,125,3,cve,M,0.0
SNYK-PYTHON-ASYNCPG-597672,pip,552,997,12,14,313,9,cve,L,0.0
SNYK-JAVA-ORGWEBJARSNPM-575004,Maven,753,4591,29,48,458,11,noncve,M,0.0
npm:nicest:20180213,npm,2713,531,2,1,4,1,noncve,H,0.0
SNYK-PYTHON-TORTOISEORM-567100,pip,890,1489,2,4,290,1,cve,H,0.0
SNYK-JS-AWSSDKSHAREDINIFILELOADER-1049304,npm,3892,5,13,1281,166789,5,cve,H,0.0
SNYK-RUBY-RUBYGEMSUPDATE-472658,RubyGems,533,5477,14,11,223,3,cve,M,0.0
SNYK-JS-UAPCORE-551924,npm,1243,805,7,1,73,1,cve,H,0.0
SNYK-PHP-EZSYSTEMSEZPLATFORM-546873,Composer,3690,8141,13,2,21,5,noncve,M,0.0
SNYK-JAVA-ORGFUSESOURCEHAWTJNI-30093,Maven,2931,5183,5,2,89,1,cve,M,0.0
SNYK-PHP-FLARUMCORE-174524,Composer,1750,7818,625,964,92003,27,cve,M,0.0
SNYK-GOLANG-GITHUBCOMGORILLAWEBSOCKET-597108,Go,570,8687,16,11,836,10,cve,H,0.0
SNYK-PYTHON-DJANGO-559326,pip,510,1121,5,5,94,2,cve,H,0.0
SNYK-JS-TARFS-174556,npm,1921,760,3,2,36,1,cve,M,0.0
SNYK-JS-SYSTEMINFORMATION-1021909,npm,285,754,2,1,8,1,cve,H,0.0
SNYK-JS-STANDARDVERSION-575708,npm,3872,740,16,4,201,4,noncve,H,0.0
SNYK-PYTHON-WAGTAIL-565486,pip,1174,1515,4,5,200,1,cve,H,0.0
SNYK-PHP-VEROTCLASSUPLOADPHP-538245,Composer,1343,7682,1,1,2,1,cve,H,0.0
SNYK-PHP-TYPO3CMS-538230,Composer,272,7368,138,243,7800,53,noncve,M,0.0
SNYK-PYTHON-PRODUCTSPOI-40596,pip,3268,1363,12,3,7,2,noncve,M,0.0
SNYK-JS-FSTREAM-174725,npm,1905,298,2,1,2,1,cve,H,0.0
SNYK-PHP-SILVERSTRIPEFRAMEWORK-469154,Composer,602,7538,17,15,428,9,cve,L,0.0
SNYK-JS-REACTNATIVEFASTIMAGE-572228,npm,3874,641,2,1,20,2,cve,M,0.0
SNYK-PYTHON-WEBARGS-564231,pip,3568,1525,2,15,109,1,cve,H,0.0
npm:mimer:20180210,npm,2514,491,2,4,97,1,noncve,M,0.0
SNYK-JS-VIVAXYHERE-455285,npm,1700,40,7,12,226,1,noncve,M,0.0
SNYK-JS-JPEGJS-570039,npm,902,383,14,4,504,3,cve,M,0.0
SNYK-DOTNET-MICROSOFTCHAKRACOREVC140-174389,NuGet,1950,8473,11,13,199,7,cve,H,0.0
SNYK-PYTHON-DJANGO-40403,pip,510,1093,48,34,7962,29,cve,M,0.0
SNYK-JS-COMPILESASS-551804,npm,1246,126,1,1,22,1,cve,H,0.0
SNYK-PYTHON-ASYNCSSH-42082,pip,2404,998,14,23,620,1,cve,H,-0.0
SNYK-PYTHON-PARAMIKO-42086,pip,1710,1302,18,7,188,2,cve,H,0.0
SNYK-PYTHON-OPENAPIPYTHONCLIENT-598765,pip,505,1293,14,19,872,5,cve,H,0.0
npm:clean-css:20180306,npm,2417,120,2,6,108,1,noncve,L,0.0
SNYK-PYTHON-SALT-40711,pip,1,1430,55,31,772,20,cve,M,0.0
SNYK-RUBY-NOKOGIRI-20368,RubyGems,2802,8240,2,3,104,1,cve,H,0.0
SNYK-JS-UAPARSERJS-1072471,npm,203,803,11,4,43,9,noncve,M,0.0
SNYK-JS-ELECTRON-174045,npm,124,234,5,2,14,4,cve,H,0.0
npm:glance:20180129,npm,1988,311,2,2,13,1,cve,H,0.0
SNYK-PYTHON-SHIFTBOILER-72558,pip,3558,1450,2,3,25,1,noncve,L,0.0
SNYK-PYTHON-COMET-40600,pip,3119,1050,3,4,88,2,noncve,M,0.0
SNYK-PHP-TYPO3CMSCORE-538228,Composer,594,7514,9,69,1232,3,cve,M,0.0
SNYK-GOLANG-GITHUBCOMTIDWALLGJSON-1055822,Go,3881,8881,1,2,7,1,cve,M,0.0
SNYK-PYTHON-MEINHELD-569140,pip,825,1245,14,41,13715,4,cve,H,0.0
SNYK-PHP-AMPHPHTTP-72105,Composer,2396,7946,2,4,78,2,noncve,M,0.0
SNYK-PHP-ONELOGINPHPSAML-70119,Composer,3351,8131,14,9,171,5,noncve,M,0.0
SNYK-PYTHON-DJANGOALLAUTH-564371,pip,1334,1127,39,75,1648,19,cve,M,0.0
SNYK-PHP-DRUPALCORE-572904,Composer,271,7342,4,11,91,1,cve,H,-0.0
SNYK-JS-IMMER-1019369,npm,159,365,15,6,136,9,cve,H,0.0
SNYK-PHP-SYMFONYSYMFONY-70380,Composer,1391,7729,8,20,728,4,cve,M,0.0
SNYK-JAVA-ORGSPRINGFRAMEWORK-31328,Maven,2917,5170,38,108,4015,6,cve,M,0.0
SNYK-JS-ABSOLUNETKAFE-1017403,npm,356,1,2,4,20,1,cve,M,0.0
SNYK-JS-NODEMAILER-1038834,npm,374,560,1,37,1332,1,cve,H,0.0
npm:node-srv:20180125,npm,3517,551,2,1,12,1,cve,H,0.0
SNYK-JAVA-ORGSPRINGFRAMEWORK-72470,Maven,2164,4933,19,35,859,3,cve,L,0.0
npm:bl:20160119,npm,3034,91,8,2,21,3,noncve,M,0.0
SNYK-PYTHON-DJANGOJET-40655,pip,2638,1145,9,6,38,1,noncve,M,0.0
SNYK-JS-SWAGGERUI-572012,npm,756,753,29,48,458,11,noncve,M,0.0
SNYK-PHP-ROBRICHARDSXMLSECLIBS-480443,Composer,1414,7757,1,2,18,1,cve,H,0.0
SNYK-PYTHON-DJANGOHASHIDFIELD-568867,pip,870,1143,3,4,133,1,noncve,M,0.0
SNYK-GOLANG-GITHUBCOMHELMHELMPKGPLUGININSTALLER-572401,Go,3856,8878,1,2,91,1,cve,H,0.0
SNYK-JS-MIXINDEEP-450212,npm,1786,498,2,1,18,1,cve,H,0.0
SNYK-JAVA-ORGAPACHECASSANDRA-609350,Maven,138,4236,12,9,742,6,cve,H,0.0
SNYK-JAVA-ORGMEMBRANESOA-1015413,Maven,672,4468,11,16,508,4,noncve,M,0.0
SNYK-RUBY-SPREEBACKEND-20475,RubyGems,2534,5578,1,17,124,1,noncve,M,0.0
SNYK-JAVA-ORGAPACHETOMCATEMBED-451342,Maven,677,4505,106,72,15197,6,cve,H,0.0
SNYK-PHP-SIMPLESAMLPHPSAML2-72102,Composer,2420,7964,2,2,22,1,cve,H,0.0
SNYK-PHP-TYPO3CMSCORE-538235,Composer,594,7514,9,69,1232,3,noncve,M,0.0
SNYK-JS-NODEOSUTILS-173696,npm,2011,541,4,8,76,1,noncve,H,0.0
SNYK-RUBY-OX-20438,RubyGems,2617,8224,3,4,16,1,cve,H,0.0
SNYK-JAVA-ORGAPACHETOMCATEMBED-451511,Maven,677,4517,40,44,1380,7,cve,M,0.0
SNYK-PYTHON-BLEACH-561754,pip,1198,1014,2,3,47,1,cve,H,0.0
SNYK-JS-BESTZIP-609371,npm,509,86,3,1,147,1,cve,H,0.0
SNYK-PYTHON-PRIORITY-40408,pip,2989,1357,19,5,62,2,cve,H,0.0
SNYK-JS-HIGHLIGHTJS-1045326,npm,297,340,2,3,18,2,cve,M,0.0
SNYK-JAVA-ORGAPACHECASSANDRA-609350,Maven,138,4238,38,83,4661,16,cve,H,0.0
SNYK-JS-FTPSRV-598863,npm,71,300,1,10,71,1,cve,H,0.0
SNYK-RUBY-CARRIERWAVE-1070798,RubyGems,93,5466,3,13,304,1,cve,M,0.0
SNYK-JAVA-ORGSPRINGFRAMEWORKSECURITYOAUTH-72464,Maven,2003,4877,3,2,284,1,cve,H,0.0
SNYK-PYTHON-DJANGOUSERSESSIONS-543286,pip,1302,1151,2,3,6,1,cve,M,0.0
npm:hapi:20151228,npm,3074,335,2,3,52,1,cve,M,0.0
SNYK-JS-IDSENTERPRISE-449633,npm,1590,361,9,6,88,2,noncve,M,0.0
SNYK-PYTHON-DJANGO-1076802,pip,510,1066,5,6,69,3,cve,M,0.0
SNYK-JS-PLOTLYJS-455599,npm,1718,601,7,8,321,2,cve,M,0.0
SNYK-JAVA-ORGSPRINGFRAMEWORKINTEGRATION-73517,Maven,2068,4903,8,19,688,3,cve,H,0.0
SNYK-PHP-TYPO3CMSCORE-538231,Composer,594,7513,138,243,7800,53,noncve,M,0.0
SNYK-PHP-SYMFONYSYMFONY-70380,Composer,1391,7730,19,22,777,5,cve,M,0.0
SNYK-JS-NODEREDDASHBOARD-471939,npm,1543,544,3,4,23,1,cve,M,0.0
SNYK-JS-DMNJSPROPERTIESPANEL-451641,npm,1740,164,16,16,477,5,noncve,M,0.0
SNYK-JS-LOOPBACK-73559,npm,3566,457,2,0,0,1,noncve,H,0.0
SNYK-PHP-TYPO3CMS-538226,Composer,272,7366,9,69,1232,3,cve,M,0.0
SNYK-PHP-ILLUMINATEDATABASE-597623,Composer,550,7482,4,2,25,2,noncve,H,0.0
SNYK-JAVA-ORGJBOSSWELD-30126,Maven,2910,5163,30,53,2256,5,cve,M,0.0
SNYK-RUBY-NOKOGIRI-552159,RubyGems,2802,8241,5,2,33,1,cve,H,0.0
SNYK-DOTNET-MICROSOFTCHAKRACOREVC140-174402,NuGet,1950,8473,11,13,199,7,cve,H,0.0
SNYK-PHP-SILVERSTRIPEFRAMEWORK-469154,Composer,602,7537,7,8,269,4,cve,L,0.0
SNYK-PYTHON-MOIN-1038822,pip,326,1256,38,344,48156,2,cve,H,0.0
SNYK-JS-BLUEIMPFILEUPLOAD-72453,npm,2137,93,2,1,15,1,cve,H,0.0
SNYK-PHP-VERBBCOMMENTS-571658,Composer,3853,8168,4,2,12,1,cve,M,0.0
SNYK-JS-SLPVALIDATE-534572,npm,562,725,2,4,403,1,cve,M,0.0
SNYK-JS-TAR-174125,npm,1975,759,3,2,79,1,cve,H,0.0
SNYK-JS-SANITIZEHTML-1070780,npm,96,672,5,2,102,2,cve,M,0.0
SNYK-JS-MOUNTEBANK-1021889,npm,376,512,3,5,39,1,noncve,H,0.0
SNYK-DOTNET-MICROSOFTCHAKRACOREVC140-174489,NuGet,1950,8484,16,135,4013,8,cve,H,0.0
SNYK-PHP-SPOONLIBRARY-1077070,Composer,32,7201,1,1,2,1,noncve,H,0.0
SNYK-PYTHON-IHATEMONEY-595715,pip,591,1186,15,4,145,7,cve,M,0.0
SNYK-RUBY-FATFREECRM-459936,RubyGems,1641,5547,2,2,4,2,cve,H,0.0
SNYK-RUBY-ACTIONVIEW-632514,RubyGems,484,8196,2,13,42,2,cve,M,0.0
SNYK-PHP-TYPO3CMS-538238,Composer,272,7366,9,69,1232,3,noncve,M,0.0
SNYK-JS-I18NEXT-575536,npm,52,359,4,4,56,2,noncve,M,0.0
SNYK-RUBY-JSONJWT-22038,RubyGems,2256,5570,5,5,101,2,cve,M,0.0
SNYK-JS-VISTIMELINE-1063500,npm,3898,823,8,10,44,3,cve,M,0.0
SNYK-PYTHON-DJANGO-40383,pip,510,1091,68,50,664,36,cve,L,0.0
SNYK-JS-MINIMATCH-1019388,npm,2995,492,8,2,46,4,noncve,H,0.0
SNYK-PYTHON-ANSIBLEVAULT-40672,pip,2693,986,2,3,20,1,cve,H,0.0
SNYK-PHP-PRESTASHOPPSLINKLIST-565924,Composer,1159,7631,10,2,110,5,cve,H,0.0
SNYK-PHP-SYMFONYSYMFONY-70376,Composer,1391,7727,11,22,751,5,cve,M,0.0
SNYK-PYTHON-JETFORCE-570766,pip,824,1201,2,2,6,1,noncve,H,0.0
SNYK-PYTHON-SANIC-40704,pip,2591,1438,9,15,232,4,cve,H,0.0
SNYK-GOLANG-K8SIOKUBERNETESSTAGINGSRCK8SIOAPIMACHINERYPKGUTILPROXY-1081511,Go,2091,8822,55,118,5033,31,cve,H,0.0
SNYK-RUBY-RAILS-1071903,RubyGems,70,8175,2,13,34,2,cve,H,0.0
SNYK-JS-SERIALIZETOJS-536958,npm,1351,700,2,2,12,1,cve,H,0.0
SNYK-PYTHON-DJANGO-42178,pip,510,1110,4,7,57,3,cve,M,0.0
SNYK-PHP-TYPO3FLUIDFLUID-1016907,Composer,262,7298,1,4,10,1,cve,M,-0.0
SNYK-PYTHON-PILLOW-1055461,pip,160,1316,192,84,2182,14,cve,H,0.0
SNYK-JS-CONNECTPGSIMPLE-460154,npm,1624,130,14,3,45,3,cve,M,0.0
SNYK-PHP-DRUPALCORE-572904,Composer,271,7341,4,11,91,1,cve,H,-0.0
SNYK-PYTHON-DJANGO-1076802,pip,510,1067,16,9,149,8,cve,M,0.0
SNYK-PHP-SIMPLESAMLPHPSAML2-72102,Composer,2420,7963,3,2,25,1,cve,H,0.0
SNYK-JAVA-ORGSPRINGFRAMEWORKSECURITYOAUTH-72464,Maven,2003,4876,3,2,284,1,cve,H,0.0
SNYK-JS-LESSOPENUI5-1066165,npm,3914,441,16,9,310,3,cve,H,0.0
SNYK-JS-SYSTEMINFORMATION-1043753,npm,285,756,3,4,157,1,cve,H,0.0
SNYK-PHP-SILVERSTRIPEFRAMEWORK-469236,Composer,602,7540,23,18,418,11,cve,M,0.0
SNYK-PYTHON-DYNAMODBENCRYPTIONSDK-1070809,pip,3926,1157,11,48,1642,7,noncve,M,0.0
SNYK-JS-OIDCPROVIDER-451544,npm,1752,572,8,13,262,1,noncve,M,0.0
SNYK-PHP-USMANHALALITPIXIE-534879,Composer,1521,7791,7,3,14,3,cve,H,0.0
SNYK-JS-XMLCRYPTO-1023301,npm,373,847,1,2,18,1,noncve,H,0.0
SNYK-JAVA-ORGSPRINGFRAMEWORK-31328,Maven,2917,5171,80,164,4625,9,cve,M,0.0
npm:pym.js:20180215,npm,3493,620,1,7,42,1,cve,H,0.0
SNYK-JAVA-ORGCODEHAUSPLEXUS-31680,Maven,2292,5012,20,14,882,5,cve,M,0.0
SNYK-DOTNET-MICROSOFTCHAKRACOREVC140-174478,NuGet,1950,8481,20,39,912,12,cve,H,0.0
SNYK-JAVA-ORGAPACHEQPID-72605,Maven,2106,4917,16,76,3742,4,cve,M,0.0
SNYK-JAVA-ORGSPRINGFRAMEWORKSECURITY-474641,Maven,2386,5044,34,75,1359,13,cve,M,0.0
SNYK-JS-MQUERY-1050858,npm,307,514,4,2,29,2,cve,H,0.0
SNYK-JS-CHARTJS-1018716,npm,400,110,10,14,37076,8,cve,H,0.0
SNYK-PYTHON-DJANGO-42178,pip,510,1111,11,13,101,9,cve,M,0.0
SNYK-PYTHON-DJANGORESTFRAMEWORKAPIKEY-72560,pip,3561,1153,16,31,605,1,noncve,M,0.0
SNYK-PYTHON-PARAMIKO-42086,pip,1710,1303,19,5,127,1,cve,H,0.0
SNYK-JS-FASTCSV-1049538,npm,234,281,26,3,43,3,cve,M,0.0
SNYK-PHP-USMANHALALITPIXIE-534879,Composer,1521,7792,2,0,0,1,cve,H,0.0
SNYK-PHP-CRAFTCMSCMS-455502,Composer,1711,7816,3,2,89,2,cve,H,0.0
npm:textangular:20150213,npm,2857,763,6,9,443,2,noncve,M,0.0
SNYK-PHP-SIMPLESAMLPHPSIMPLESAMLPHP-451570,Composer,911,7625,35,23,991,7,noncve,M,0.0
SNYK-RUBY-MYSQL2-20283,RubyGems,2867,8254,3,3,11,2,noncve,M,0.0
npm:hoek:20180212,npm,2504,343,3,2,16,2,cve,M,0.0
npm:whereis:20180401,npm,3521,837,3,2,14,2,cve,H,0.0
SNYK-PHP-SABBERWORMPHPCSSPARSER-571300,Composer,802,7602,1,3,41,1,cve,H,0.0
SNYK-JS-MORGAN-72579,npm,2101,510,27,2,483,2,cve,M,0.0
SNYK-JS-SNYKBROKER-570612,npm,812,732,1,0,0,1,cve,M,0.0
SNYK-PYTHON-NOTEBOOK-72620,pip,2103,1274,4,3,71,2,cve,M,-0.0
SNYK-DOTNET-MICROSOFTCHAKRACORE-174388,NuGet,556,8402,11,13,199,7,cve,H,0.0
SNYK-RUBY-LOOFAH-72548,RubyGems,2127,5565,5,3,83,1,cve,M,0.0
SNYK-JS-REDOC-574605,npm,741,644,2,1,2,1,noncve,M,0.0
SNYK-JAVA-ORGAPACHETOMCATEMBED-451510,Maven,677,4517,40,44,1380,7,cve,M,0.0
SNYK-PHP-SIMPLESAMLPHPSIMPLESAMLPHP-567174,Composer,911,7627,7,4,19,5,cve,L,0.0
SNYK-JAVA-ORGMONGODB-1079241,Maven,7,4155,12,22,412,3,cve,M,0.0
SNYK-JAVA-ORGAPACHEHTTPCOMPONENTS-31517,Maven,2573,5077,43,331,3303,3,noncve,M,0.0
SNYK-JS-PROPERTYEXPR-598800,npm,545,612,2,3,78,1,cve,H,0.0
SNYK-GOLANG-GITHUBCOMGOAAHAAH-559113,Go,1238,8789,2,12,88,2,noncve,H,0.0
SNYK-JAVA-ORGSPRINGFRAMEWORK-31325,Maven,3172,5274,39,59,1780,5,cve,M,0.0
SNYK-PHP-ZFRZFROAUTH2SERVERMODULE-70368,Composer,3209,8109,20,5,369,1,noncve,M,0.0
SNYK-RUBY-WEBSOCKETEXTENSIONS-570830,RubyGems,843,5492,6,4,64,1,cve,H,0.0
SNYK-PHP-TYPO3FLUIDFLUID-1041631,Composer,262,7307,5,16,1089,2,cve,H,0.0
SNYK-PYTHON-DJANGO-559326,pip,510,1122,7,8,193,3,cve,H,0.0
SNYK-GOLANG-GITHUBCOMHASHICORPCONSULAGENTSTRUCTS-1021890,Go,380,8664,86,560,219991,33,cve,M,0.0
SNYK-JS-GOOGLEAPIS-451632,npm,1642,315,4,237,26784,2,noncve,M,0.0
npm:hapi:20170331,npm,3074,336,6,4,79,2,cve,M,0.0
SNYK-JS-ECSTATIC-540354,npm,1327,199,5,1,17,2,cve,H,0.0
SNYK-JS-FTPSRV-1071861,npm,71,299,19,8,103,6,cve,H,0.0
SNYK-JAVA-ORGSPRINGFRAMEWORKINTEGRATION-73517,Maven,2068,4904,15,44,1483,4,cve,H,0.0
SNYK-PYTHON-PETL-1045869,pip,293,1315,7,2,435,1,cve,M,0.0
SNYK-PYTHON-DJANGO-40403,pip,510,1092,24,16,155,15,cve,M,0.0
npm:aerospike:20161101,npm,2956,48,8,9,235,1,cve,H,0.0
SNYK-JS-NODERULES-560426,npm,3722,545,6,2,89,2,cve,H,0.0
SNYK-JAVA-IORATPACK-473841,Maven,1299,4735,11,13,360,3,cve,H,0.0
SNYK-RUBY-PUMA-570205,RubyGems,839,5488,2,2,14,1,cve,M,0.0
npm:libp2p-secio:20180115,npm,2551,444,11,13,646,2,noncve,H,0.0
SNYK-JS-JSYAML-173999,npm,1970,399,4,5,57,2,noncve,M,0.0
SNYK-JAVA-ORGSPRINGFRAMEWORK-30164,Maven,2164,4928,80,164,4625,9,cve,M,0.0
npm:zeroclipboard:20140131,npm,2842,857,3,5,52,1,cve,M,0.0
SNYK-JAVA-ORGSPRINGFRAMEWORKINTEGRATION-32275,Maven,2316,5018,6,2,57,3,cve,M,0.0
npm:datatype-expansion:20180225,npm,2483,155,2,1,2,2,noncve,M,0.0
SNYK-GOLANG-GITHUBCOMOAUTH2PROXYOAUTH2PROXY-574792,Go,751,8734,105,86,9091,29,cve,M,0.0
npm:forms:20161116,npm,3416,294,20,15,952,4,cve,M,0.0
SNYK-GOLANG-GITHUBCOMUNKNWONCAEZIP-570383,Go,809,8756,13,9,89,2,cve,H,0.0
npm:marked:20140131-1,npm,588,471,15,3,131,10,cve,H,0.0
SNYK-JAVA-ORGCODEHAUSPLEXUS-31521,Maven,1616,4801,7,8,244,1,noncve,M,0.0
SNYK-PHP-BOLTBOLT-173767,Composer,67,7209,12,148,678,6,cve,H,0.0
npm:jsviews:20160320,npm,2550,413,1,12,6933,1,noncve,M,0.0
SNYK-PYTHON-INVENIOCOMMUNITIES-455847,pip,1724,1191,4,5,99,4,cve,M,0.0
SNYK-PHP-LARAVELFRAMEWORK-1069892,Composer,551,7488,22,15,400,8,noncve,M,0.0
SNYK-PYTHON-PARAMIKO-42086,pip,1710,1307,28,8,247,3,cve,H,0.0
SNYK-JAVA-ORGSPRINGFRAMEWORKSECURITY-450242,Maven,33,4172,3,2,9,2,cve,H,0.0
SNYK-PYTHON-BLEACH-552160,pip,1198,1013,2,3,39,1,cve,M,0.0
SNYK-PYTHON-ANSIBLE-451465,pip,83,978,3,6,95,1,cve,H,0.0
SNYK-JAVA-ORGSPRINGFRAMEWORK-30169,Maven,2690,5122,68,218,6173,8,cve,M,0.0
SNYK-RUBY-GEMINABOX-20437,RubyGems,2604,8221,2,3,5,1,cve,H,0.0
SNYK-PYTHON-YUBIAUTH-40644,pip,2636,1535,4,4,47,1,noncve,M,0.0
SNYK-PYTHON-CHERRYMUSIC-40361,pip,3078,1033,45,33,1361,6,cve,M,0.0
SNYK-JAVA-ORGSPRINGFRAMEWORK-30169,Maven,2690,5123,192,2344,29801,17,cve,M,0.0
SNYK-PHP-SYLIUSSYLIUS-536839,Composer,688,7593,23,4,302,5,cve,M,0.0
SNYK-PYTHON-REDDISCORDBOT-1023166,pip,694,1410,117,112,8776,34,cve,M,0.0
SNYK-PHP-TYPO3CMS-538238,Composer,272,7368,138,243,7800,53,noncve,M,0.0
SNYK-PYTHON-OWLMIXIN-40706,pip,2580,1300,2,3,47,1,cve,H,0.0
SNYK-PYTHON-PARAMIKO-42086,pip,1710,1306,29,8,245,3,cve,H,0.0
SNYK-PHP-CAKEPHPCAKEPHP-70007,Composer,1930,7848,6,7,94,3,noncve,H,0.0
SNYK-PHP-AMPHPARTAX-70002,Composer,2990,8030,2,3,35,2,cve,H,0.0
npm:zeroclipboard:20120528,npm,2842,856,7,6,111,1,cve,M,0.0
SNYK-PHP-AMPHPARTAX-70001,Composer,2990,8028,3,8,299,1,noncve,M,0.0
SNYK-JS-LIBNMAP-72551,npm,3559,443,3,0,0,1,cve,M,0.0
SNYK-GOLANG-GITHUBCOMPTERODACTYLWINGSROUTERDOWNLOADER-1056514,Go,3885,8883,9,9,337,4,noncve,H,0.0
SNYK-JS-MINIMIST-559764,npm,1236,494,3,2,46,1,cve,M,0.0
SNYK-PYTHON-KNACK-450215,pip,1789,1215,4,7,49,4,noncve,H,0.0
SNYK-JAVA-ORGWEBJARSNPM-480014,Maven,2588,5091,6,13,536,2,noncve,M,0.0
SNYK-PHP-PERSONNUMMERPERSONNUMMER-674154,Composer,478,7449,6,1,11,2,noncve,M,0.0
SNYK-PYTHON-AIOHTTP-40582,pip,6,958,10,3,65,2,noncve,M,0.0
SNYK-GOLANG-GITHUBCOMLABSTACKECHOMIDDLEWARE-1072475,Go,18,8596,130,51,11813,52,noncve,M,0.0
SNYK-JAVA-IONETTY-1082238,Maven,3922,5429,39,86,2979,9,cve,M,0.0
SNYK-RUBY-GEOCODER-543302,RubyGems,1304,5507,7,3,34,2,cve,H,0.0
SNYK-GOLANG-GITHUBCOMORYFOSITEHANDLEROAUTH2-1012739,Go,452,8677,10,42,430,4,cve,H,0.0
SNYK-JS-WEBPACKBUNDLEANALYZER-174190,npm,1964,831,2,1,18,1,noncve,M,0.0
SNYK-GOLANG-GITHUBCOMKUBERNETESKUBERNETESSTAGINGSRCK8SIOAPIMACHINERYPKGUTILPROXY-72666,Go,2095,8823,20,41,1914,13,cve,H,0.0
SNYK-PYTHON-IMAGEIO-564348,pip,3736,1187,25,14,688,12,noncve,M,0.0
SNYK-GOLANG-GITHUBCOMARGOPROJARGOCDUTILCACHE-565378,Go,1177,8778,9,10,124,5,cve,H,0.0
SNYK-GOLANG-GITHUBCOMGOOGLEGOTPMTPM-598254,Go,633,8694,42,23,3422,14,cve,M,0.0
SNYK-PHP-SIMPLITOELLIPTICPHP-534576,Composer,1517,7765,1,1,12,1,cve,M,0.0
SNYK-JS-SHVL-1054936,npm,700,718,27,2,4,2,cve,H,0.0
SNYK-GOLANG-GITHUBCOMGOVELACOMPILERTEMPLATENATIVE-1055439,Go,177,8614,2,2,50,2,cve,M,-0.0
SNYK-JAVA-IONETTY-450924,Maven,3127,5256,45,99,7858,7,cve,M,0.0
SNYK-RUBY-GUARDLIVERELOAD-20361,RubyGems,3415,8356,11,1,7,3,cve,M,0.0
SNYK-JS-SAFEREVAL-173772,npm,1355,660,4,3,47,1,cve,H,0.0
npm:sequelize:20160115,npm,1645,688,10,11,164,6,cve,M,0.0
SNYK-GOLANG-GITHUBCOM99DESIGNSAWSVAULTSERVER-568165,Go,877,8773,1,1,17,1,noncve,M,0.0
SNYK-PYTHON-DJANGOCOUNCILMATIC-609306,pip,506,1136,3,1,4,2,noncve,M,0.0
SNYK-PHP-CAKEPHPCAKEPHP-70007,Composer,1930,7849,36,39,782,11,noncve,H,0.0
SNYK-JAVA-ORGSPRINGFRAMEWORK-72470,Maven,2164,4935,95,162,5196,21,cve,L,0.0
SNYK-PYTHON-PLONERESTAPI-543317,pip,3685,1355,4,3,135,2,cve,H,0.0
SNYK-JAVA-ORGSPRINGFRAMEWORK-72470,Maven,2164,4934,34,74,1782,7,cve,L,0.0
SNYK-RUBY-AIRBRAKERUBY-461167,RubyGems,1614,5542,3,10,316,1,cve,L,0.0
SNYK-JS-NGPACKAGR-1012427,npm,456,529,8,6,53,2,cve,M,0.0
SNYK-PYTHON-PARAMIKO-455391,pip,1710,1309,58,78,9912,4,cve,H,0.0
npm:vue:20180802,npm,2473,828,4,17,111,1,cve,M,0.0
SNYK-JS-RESTIFYSWAGGERJSDOC-451631,npm,1734,655,2,3,109,1,noncve,H,0.0
SNYK-GOLANG-GITHUBCOMKUBERNETESKUBERNETESSTAGINGSRCK8SIOAPIMACHINERYPKGUTILPROXY-72666,Go,2095,8824,98,146,6198,47,cve,H,0.0
SNYK-PHP-LEAGUECOMMONMARK-173996,Composer,1993,7897,9,16,88,1,noncve,M,0.0
SNYK-JAVA-COMGOOGLEOAUTHCLIENT-575276,Maven,724,4572,15,9,484,7,cve,H,0.0
npm:loopback-connector-mysql:20150108,npm,2864,461,4,2,61,3,noncve,M,0.0
SNYK-JS-VUEMOMENT-538934,npm,1323,829,3,2,344,1,noncve,M,0.0
SNYK-RUBY-CARRIERWAVE-1070797,RubyGems,93,5465,22,13,320,7,cve,M,-0.0
SNYK-JAVA-ORGAPACHETOMCATEMBED-451510,Maven,677,4518,63,68,2332,7,cve,M,0.0
SNYK-RUBY-MYSQLBINUUIDRAILS-72549,RubyGems,2128,5566,4,3,39,1,cve,H,0.0
SNYK-RUBY-RAILS-1071903,RubyGems,70,8176,3,17,68,2,cve,H,0.0
SNYK-JAVA-ORGAPACHESTRUTS-30048,Maven,219,4310,8,5,98,1,cve,H,0.0
SNYK-PYTHON-PILLOW-1055462,pip,160,1316,192,84,2182,14,cve,H,0.0
SNYK-JAVA-ORGSPRINGFRAMEWORK-30164,Maven,2164,4927,38,108,4015,6,cve,M,0.0
SNYK-PYTHON-NOTEBOOK-40406,pip,2103,1271,15,14,80,4,cve,M,0.0
SNYK-JAVA-ORGDOM4J-32474,Maven,3556,5392,14,13,482,2,cve,H,0.0
SNYK-GOLANG-K8SIOKUBERNETESSTAGINGSRCK8SIOAPIMACHINERYPKGUTILPROXY-1081511,Go,2091,8820,20,41,1914,13,cve,H,0.0
SNYK-PYTHON-BLEACH-1069893,pip,1198,1011,4,5,58,1,noncve,M,0.0
SNYK-PHP-LIGHTSAMLLIGHTSAML-72139,Composer,2335,7942,1,1,12,1,cve,H,0.0
npm:react-dom:20180802,npm,3738,638,3,6,191,1,cve,M,0.0
SNYK-PHP-OCTOBERRAIN-597171,Composer,576,7511,6,7,252,6,cve,M,0.0
SNYK-JS-INIREADER-1054843,npm,182,366,2,3,30,2,noncve,M,0.0
SNYK-JAVA-ORGAPACHEJACKRABBIT-460325,Maven,1626,4804,5,3,64,2,noncve,H,0.0
SNYK-PYTHON-WEBARGS-564231,pip,3568,1526,3,10,46,1,cve,H,0.0
SNYK-PHP-TYPO3CMS-538226,Composer,272,7368,138,243,7800,53,cve,M,0.0
SNYK-PYTHON-AIOHTTPSESSION-42161,pip,3540,959,17,8,245,6,cve,M,0.0
SNYK-RUBY-HAMMERCLI-20453,RubyGems,3431,8357,8,25,764,3,cve,H,0.0
SNYK-JS-MUIDATATABLES-174185,npm,1962,517,13,23,676,6,noncve,M,0.0
SNYK-JAVA-ORGSPRINGFRAMEWORKSECURITYOAUTH-72464,Maven,2003,4875,3,2,284,1,cve,H,0.0
SNYK-PYTHON-DJOSER-174565,pip,1928,1155,0,0,0,0,noncve,M,0.0
SNYK-JAVA-IONETTY-1082236,Maven,3923,5430,39,86,2979,9,cve,M,0.0
SNYK-DOTNET-MICROSOFTCHAKRACOREVC140-174482,NuGet,1950,8481,20,39,912,12,cve,H,0.0
SNYK-GOLANG-GITHUBCOMCONTAINOUSTRAEFIKAPI-597114,Go,569,8685,4,2,77,3,cve,M,0.0
SNYK-DOTNET-MICROSOFTCHAKRACORE-173793,NuGet,556,8382,76,220,6681,22,cve,H,0.0
SNYK-JAVA-ORGMONGODB-1079241,Maven,7,4158,13,30,910,3,cve,M,0.0
SNYK-PHP-SYMFONYSYMFONY-70380,Composer,1391,7728,14,22,763,5,cve,M,0.0
SNYK-JS-SLPVALIDATE-597083,npm,562,727,4,1,87,1,cve,H,0.0
SNYK-JS-ZENNCLI-1024443,npm,258,855,3,3,8,1,noncve,M,0.0
SNYK-PYTHON-MOIN-1038833,pip,326,1256,38,344,48156,2,cve,M,0.0
SNYK-GOLANG-GITHUBCOMTHOUGHTWORKSTALISMAN-598389,Go,637,8696,3,6,69,3,noncve,H,0.0
SNYK-JAVA-COMNIMBUSDS-30205,Maven,1386,4752,4,4,358,1,noncve,H,0.0
SNYK-RUBY-PRIVATEADDRESSCHECK-20446,RubyGems,2286,5571,6,2,148,2,cve,H,0.0
SNYK-RUBY-RACK-538324,RubyGems,1342,5515,14,8,357,2,cve,M,0.0
SNYK-RUBY-RUBYZIP-22039,RubyGems,1573,5539,36,43,809,13,cve,H,0.0
SNYK-PHP-TYPO3FLUIDFLUID-1016907,Composer,262,7303,2,5,28,1,cve,M,0.0
SNYK-JS-TSEDCORE-1019382,npm,404,36,21,52,412,7,cve,M,0.0
SNYK-JS-REACTJSONPRETTY-173779,npm,1998,639,5,3,39,2,noncve,M,0.0
SNYK-RUBY-PUPPET-20331,RubyGems,1416,5527,69,667,1634,18,cve,H,0.0
npm:knex:20150413,npm,1546,434,3,8,112,1,noncve,M,0.0
SNYK-PHP-MIKEHAERTLPHPSHELLCOMMAND-538426,Composer,1345,7685,1,3,46,1,cve,H,0.0
SNYK-JAVA-IOSPRAY-30441,Maven,3018,5221,61,386,2816,17,noncve,H,0.0
SNYK-DOTNET-MICROSOFTCHAKRACORE-174200,NuGet,556,8393,16,135,4013,8,cve,H,0.0
SNYK-JAVA-ORGSPRINGFRAMEWORKINTEGRATION-73518,Maven,2066,4902,54,477,10495,5,cve,H,0.0
SNYK-JS-SEQUELIZE-450221,npm,1645,694,3,5,51,3,cve,H,0.0
SNYK-PHP-FILPWHOOPS-72072,Composer,2439,7972,5,5,29,4,cve,M,0.0
SNYK-PHP-LARAVELFRAMEWORK-1069892,Composer,551,7487,16,5,135,5,noncve,M,0.0
SNYK-PYTHON-CRYPTOGRAPHY-40720,pip,90,1056,4,4,13,3,noncve,H,0.0
SNYK-GOLANG-GITHUBCOMORYFOSITE-1012738,Go,450,8675,1,32,502,1,cve,H,0.0
npm:moment:20161019,npm,2587,503,6,13,536,2,noncve,M,0.0
SNYK-PYTHON-DJANGO-40382,pip,510,1090,32,64,538,16,cve,H,0.0
SNYK-PHP-SIMPLESAMLPHPSAML2-72102,Composer,2420,7962,3,2,25,1,cve,H,0.0
npm:droppy:20160328,npm,707,192,5,4,139,1,cve,M,0.0
SNYK-JS-GITPROMISE-567476,npm,3843,309,3,6,536,1,noncve,M,0.0
npm:mem:20180117,npm,2165,483,4,2,78,3,noncve,M,0.0
npm:macaddress:20180511,npm,905,464,22,7,95,8,cve,H,0.0
SNYK-JAVA-ORGMONGODB-1079241,Maven,7,4156,10,12,209,2,cve,M,0.0
SNYK-JAVA-IOSPRAY-30443,Maven,3027,9018,66,388,2879,18,noncve,H,0.0
SNYK-PHP-SYMFONYSYMFONY-70380,Composer,1391,7727,11,22,751,5,cve,M,0.0
SNYK-GOLANG-GITHUBCOMHASHICORPCONSULAGENTCONSUL-1043754,Go,254,8650,4,5,195,3,cve,M,0.0
SNYK-PYTHON-DJANGODISCORDBIND-40645,pip,2686,1139,22,14,1306,1,noncve,M,0.0
SNYK-PHP-TYPO3FLUIDFLUID-1041631,Composer,262,7308,5,16,1086,2,cve,H,0.0
SNYK-JS-WEBTORRENT-460351,npm,1661,835,5,2,61,1,cve,L,0.0
SNYK-PHP-SNIPESNIPEIT-174008,Composer,3571,8138,17,37,386,3,cve,M,0.0
SNYK-JS-NESTEDOBJECTASSIGN-1065977,npm,3913,522,3,4,16,2,cve,H,0.0
npm:astronomia:20180225,npm,2481,75,9,46,71182,1,noncve,L,0.0
SNYK-JAVA-ORGAPACHETOMCAT-32110,Maven,157,4277,63,68,2332,7,cve,M,0.0
SNYK-PYTHON-DJANGO-538244,pip,510,1117,24,14,174,14,cve,M,0.0
SNYK-JAVA-IOSPRAY-30442,Maven,3019,9017,66,388,2879,18,noncve,H,0.0
SNYK-JAVA-IOSPRAY-30441,Maven,3018,5222,61,386,2816,17,noncve,H,0.0
SNYK-PYTHON-MODWSGI-40295,pip,3059,1255,5,4,78,1,cve,H,0.0
npm:ducktype:20180219,npm,2355,194,2,2,7,1,noncve,H,0.0
SNYK-RUBY-PUMA-559100,RubyGems,839,5486,7,6,155,1,cve,M,0.0
SNYK-PYTHON-ELASTICAPM-467105,pip,1591,1160,14,17,275,2,cve,H,0.0
SNYK-PYTHON-MAYANEDMS-72285,pip,2178,1244,37,17,259,6,cve,M,0.0
npm:node-pg-migrate:20180220,npm,2505,542,5,1,5,1,noncve,M,0.0
SNYK-RUBY-PUMA-536835,RubyGems,839,5485,3,2,25,1,cve,H,-0.0
SNYK-JAVA-COMSPARKJAVA-31646,Maven,2966,5194,7,7,238,4,noncve,H,0.0
SNYK-PHP-ORCHIDPLATFORM-1019474,Composer,687,7587,1,4,27,1,cve,M,0.0
SNYK-DOTNET-MICROSOFTCHAKRACOREVC140-174490,NuGet,1950,8484,16,135,4013,8,cve,H,0.0
SNYK-GOLANG-GITHUBCOMVMWARETANZUVELEROPKGRESTORE-1021233,Go,383,8667,1,6,259,1,cve,M,0.0
SNYK-PHP-TYPO3FLUIDFLUID-1016907,Composer,262,7299,1,4,10,1,cve,M,-0.0
SNYK-JS-SEQUELIZE-459751,npm,1645,695,1,7,270,1,cve,H,0.0
SNYK-PHP-GRUMPYDICTATORFIREFLYIII-451648,Composer,358,7428,4,3,32,1,cve,M,0.0
SNYK-JS-SLPJS-597082,npm,563,730,3,1,50,1,cve,H,0.0
SNYK-JAVA-ORGSPRINGFRAMEWORK-31325,Maven,3172,5273,80,176,6827,8,cve,M,0.0
SNYK-JS-MERGE-1042987,npm,30,485,2,6,31,1,cve,H,0.0
SNYK-PHP-SYLIUSSYLIUS-536839,Composer,688,7594,36,13,545,7,cve,M,0.0
SNYK-GOLANG-GITHUBCOMTIDWALLGJSON-1056415,Go,3881,8881,1,2,7,1,cve,M,0.0
npm:charset:20170908,npm,2674,109,5,4,278,3,cve,M,0.0
SNYK-JS-UAPCORE-1069889,npm,1243,804,3,1,310,2,cve,H,0.0
SNYK-JAVA-COMNIMBUSDS-31558,Maven,1386,4753,5,18,755,1,cve,H,0.0
npm:console-io:20160418,npm,3037,133,5,3,53,1,cve,H,0.0
SNYK-PYTHON-PILLOW-541326,pip,160,1323,19,16,151,3,cve,H,0.0
npm:knex:20150413,npm,1546,433,5,8,1083,1,noncve,M,0.0
SNYK-GOLANG-GITHUBCOMORYHYDRAOAUTH2-564512,Go,3743,8872,1,2,88,1,noncve,L,0.0
SNYK-JS-MACADDRESS-567156,npm,905,465,4,4,84,1,noncve,M,0.0
SNYK-RUBY-GEMINABOX-20444,RubyGems,2604,8222,4,4,15,1,cve,M,0.0
SNYK-JAVA-ORGSPRINGFRAMEWORKLDAP-31584,Maven,2611,5097,11,3,37,8,cve,H,0.0
SNYK-PHP-PHPSERVERMONPHPSERVERMON-72736,Composer,2083,7908,1,2,21,1,cve,M,0.0
SNYK-JS-PARSESERVER-455635,npm,184,578,37,21,1756,7,cve,H,0.0
SNYK-GOLANG-GITHUBCOMJAEGERTRACINGJAEGERPKGKAFKAAUTH-674508,Go,759,8735,28,217,4406,11,cve,H,0.0
SNYK-RUBY-BIBTEXRUBY-542602,RubyGems,3682,8360,6,11,83,1,cve,H,0.0
npm:q-io:20180212,npm,2751,621,3,2,27,1,noncve,H,0.0
npm:ezseed-transmission:20160729,npm,2982,279,2,3,45,1,cve,M,0.0
SNYK-JAVA-ORGAPACHESTRUTS-460223,Maven,219,4323,33,30,479,5,cve,M,0.0
SNYK-GOLANG-GITHUBCOMORYFOSITE-1015593,Go,450,8676,12,3,88,4,cve,M,0.0
SNYK-PYTHON-MAYANEDMS-72283,pip,2178,1243,5,3,25,1,cve,M,0.0
SNYK-JAVA-ORGAPACHETOMCAT-551990,Maven,691,4563,112,110,3174,12,cve,H,0.0
SNYK-DOTNET-MICROSOFTCHAKRACORE-174580,NuGet,556,8387,20,39,912,12,cve,H,0.0
SNYK-JS-BMOOR-598664,npm,428,94,1,3,284,1,cve,H,0.0
SNYK-JAVA-IONETTY-1082237,Maven,3924,5431,39,86,2979,9,cve,M,0.0
SNYK-PHP-TYPO3FLUIDFLUID-1041631,Composer,262,7305,5,16,1061,2,cve,H,0.0
SNYK-JS-FORMIOJS-560149,npm,3866,293,31,23,1009,8,noncve,M,0.0
npm:ws:20171108,npm,2601,843,3,2,22,1,noncve,H,0.0
SNYK-JS-AUTH0JS-72626,npm,2109,78,15,16,8116,3,cve,H,0.0
SNYK-GOLANG-GITHUBCOMCREWJAMSAML-1052715,Go,190,8616,2,8,218,2,cve,H,0.0
SNYK-DOTNET-MICROSOFTCHAKRACORE-174401,NuGet,556,8402,11,13,199,7,cve,H,0.0
SNYK-DOTNET-MICROSOFTCHAKRACORE-174390,NuGet,556,8402,11,13,199,7,cve,H,0.0
SNYK-PHP-ENSHRINEDSVGSANITIZE-536969,Composer,1509,7764,2,2,34,1,cve,H,0.0
SNYK-JAVA-ORGAPACHETOMCAT-551990,Maven,691,4562,98,110,3362,10,cve,H,0.0
SNYK-JS-PATHVAL-596926,npm,377,584,8,3,82,4,cve,M,0.0
SNYK-JAVA-ORGSPRINGFRAMEWORKSECURITY-474641,Maven,2386,5043,10,20,892,5,cve,M,0.0
SNYK-JS-SAFEREVAL-473029,npm,1355,661,4,2,13,1,cve,H,0.0
npm:minimatch:20160620,npm,2995,492,8,2,46,4,cve,H,0.0
SNYK-JS-NPMUSERVALIDATE-1019352,npm,391,564,3,2,13,3,cve,H,0.0
npm:showdown-xss-filter:20150602,npm,2548,717,3,2,36,1,noncve,M,0.0
SNYK-PYTHON-PWNTOOLS-1047345,pip,237,1365,4,435,1792,1,cve,H,0.0
SNYK-JS-SAMBACLIENT-1071899,npm,89,665,12,2,256,3,cve,H,0.0
SNYK-JS-CMMNJSPROPERTIESPANEL-451642,npm,1742,122,5,12,396,2,noncve,M,0.0
SNYK-JS-JSON8-1017116,npm,344,404,4,54,361,1,cve,H,0.0
SNYK-JS-MATHJS-1016401,npm,680,480,2,4,42,1,cve,H,0.0
SNYK-JS-STRAPI-480418,npm,775,744,42,11,108,15,cve,H,0.0
SNYK-JS-WEBSOCKETEXTENSIONS-570623,npm,845,834,8,6,123,1,cve,H,0.0
SNYK-PYTHON-HPACK-40409,pip,2986,1181,28,6,93,3,cve,H,0.0
npm:adm-zip:20180415,npm,2289,45,3,5,83,1,cve,H,0.0
SNYK-PHP-TYPO3CMSCORE-538228,Composer,594,7513,138,243,7800,53,cve,M,0.0
SNYK-GOLANG-GITHUBCOMDOCKERDOCKER-50001,Go,3094,8851,123,178,5349,52,cve,H,0.0
SNYK-PHP-SYLIUSSYLIUS-536839,Composer,688,7592,14,3,26,4,cve,M,0.0
SNYK-JAVA-ORGAPACHETOMCAT-32115,Maven,157,4277,63,68,2332,7,cve,M,0.0
SNYK-GOLANG-GITHUBCOMCREWJAMSAMLSAMLIDP-1052758,Go,191,8617,2,8,218,2,cve,H,0.0
SNYK-JS-EXPRESSJWT-575022,npm,3865,273,2,5,88,1,cve,H,0.0
SNYK-JS-ELECTRON-174045,npm,124,233,11,4,36,5,cve,H,0.0
SNYK-GOLANG-GITHUBCOMORYFOSITE-1015594,Go,450,8676,12,3,88,4,cve,M,0.0
SNYK-PHP-SYMFONYSYMFONY-70376,Composer,1391,7729,8,20,728,4,cve,M,0.0
SNYK-JS-NODESASS-542662,npm,163,550,4,3,59,3,noncve,M,0.0
SNYK-JAVA-ORGKEYCLOAK-833663,Maven,669,4466,13,32,1136,8,cve,H,0.0
SNYK-RUBY-REDCARPET-1059089,RubyGems,176,5472,1,3,21,1,cve,H,0.0
SNYK-PHP-DRUPALCORE-572906,Composer,271,7340,4,11,91,1,cve,M,0.0
SNYK-RUBY-ACTIONVIEW-632514,RubyGems,484,8197,2,15,45,2,cve,M,-0.0
SNYK-JS-LOOPBACK-73559,npm,3566,458,9,32,540,3,noncve,H,0.0
SNYK-PHP-SILVERSTRIPEFRAMEWORK-469154,Composer,602,7540,23,18,418,11,cve,L,0.0
npm:ssri:20180214,npm,2716,738,3,3,21,1,cve,M,0.0
SNYK-PHP-DRUPALCORE-572906,Composer,271,7341,4,11,91,1,cve,M,-0.0
SNYK-GOLANG-GITHUBCOMCONTAINOUSTRAEFIKPKGAPI-1076587,Go,66,8598,2,3,79,2,cve,M,0.0
npm:mobile-icon-resizer:20160408,npm,2815,500,1,1,5,1,noncve,M,0.0
SNYK-JS-YARN-451571,npm,3598,852,3,2,39,1,cve,H,0.0
SNYK-JAVA-COMGITHUBGWTMATERIALDESIGN-1054630,Maven,181,4287,4,25,580,1,noncve,H,0.0
SNYK-JS-TYPESCRIPTTSLINTPLUGIN-1056512,npm,3887,801,10,4,297,2,cve,H,0.0
SNYK-JS-I18NEXT-1065979,npm,52,358,6,5,38,2,noncve,H,0.0
SNYK-JS-BOOTSTRAP-173700,npm,2029,97,16,35,1087,4,cve,M,0.0
SNYK-JAVA-ORGAPACHESTRUTS-30043,Maven,219,4309,8,7,202,1,cve,M,0.0
SNYK-JS-JQUERYJSONVIEWER-451572,npm,3599,395,3,1,32,1,noncve,M,0.0
SNYK-RUBY-RAILS-1071903,RubyGems,70,8177,3,17,68,2,cve,H,0.0
SNYK-PHP-BUGSNAGBUGSNAGLARAVEL-70004,Composer,2991,8031,6,2,16,2,cve,H,0.0
SNYK-JS-ISMYJSONVALID-597165,npm,623,375,3,1,11,1,noncve,H,0.0
SNYK-JAVA-IONETTY-1082235,Maven,2691,5125,39,86,2979,9,cve,M,0.0
npm:protobufjs:20180305,npm,2427,614,2,7,20,1,cve,H,0.0
SNYK-JS-SEQUELIZE-459751,npm,1645,693,1,4,85,1,cve,H,0.0
SNYK-JS-SEQUELIZE-174147,npm,1645,691,1,22,742,1,noncve,H,0.0
SNYK-PHP-SILVERSTRIPEASSETS-469238,Composer,1176,7633,16,17,1440,8,cve,L,0.0
SNYK-PYTHON-TUF-546794,pip,475,1502,44,10,1035,8,cve,L,0.0
SNYK-PYTHON-DJANGO-559326,pip,510,1123,28,23,434,12,cve,H,0.0
npm:bson:20180225,npm,2441,104,8,53,45595,6,cve,L,0.0
SNYK-PYTHON-REQUESTS-40316,pip,3136,1413,22,12,183,6,cve,M,0.0
SNYK-JS-HOTFORMULAPARSER-541328,npm,1309,346,4,5,853,1,cve,H,0.0
SNYK-JS-ELLIPTIC-1064899,npm,108,257,5,20,9384,3,cve,M,0.0
SNYK-JS-URIJS-1078286,npm,29,811,2,9,75,1,cve,M,0.0
SNYK-PYTHON-DJANGO-538244,pip,510,1115,5,6,94,3,cve,M,0.0
SNYK-GOLANG-GITHUBCOMGOPASSPWGOPASSINTERNALTPL-1061912,Go,142,8613,50,209,8082,20,noncve,M,0.0
SNYK-JS-SERVEHANDLER-72615,npm,1967,704,2,0,0,1,noncve,M,0.0
SNYK-JAVA-IONETTY-1070799,Maven,3127,5255,39,86,2979,9,cve,M,0.0
SNYK-PYTHON-MAYANEDMS-72287,pip,2178,1244,37,17,259,6,cve,M,0.0
SNYK-RUBY-NOKOGIRI-20367,RubyGems,2802,8240,2,3,104,1,noncve,H,0.0
SNYK-PHP-PHPOFFICEPHPSPREADSHEET-480564,Composer,222,7283,31,66,3484,11,cve,H,0.0
SNYK-JS-CANVAS-174120,npm,1978,108,9,7,427,3,cve,M,0.0
SNYK-GOLANG-GITHUBCOM99DESIGNSAWSVAULTSERVER-568165,Go,877,8772,1,1,17,1,noncve,M,0.0
SNYK-PHP-ENSHRINEDSVGSANITIZE-483053,Composer,1509,7763,0,0,0,0,cve,H,0.0
SNYK-PYTHON-ANSIBLE-40288,pip,83,969,3,5,150,1,cve,H,0.0
SNYK-PYTHON-RADICALE-40631,pip,2632,1408,8,4,27,2,noncve,M,0.0
SNYK-PHP-TWIGTWIG-472639,Composer,1396,7753,13,15,264,3,cve,M,0.0
SNYK-JS-SENECA-460597,npm,1606,683,6,5,1030,1,cve,L,-0.0
SNYK-PHP-LARAVELFRAMEWORK-72071,Composer,551,7495,21,12,225,11,cve,M,0.0
SNYK-PYTHON-GERAPY-572470,pip,3868,1178,1,1,2,1,cve,H,0.0
SNYK-PYTHON-TORTOISEORM-567100,pip,890,1490,8,15,640,2,cve,H,0.0
SNYK-JAVA-ORGAPACHESTRUTSXWORK-30795,Maven,2999,5215,8,5,98,1,cve,H,0.0
SNYK-PYTHON-NOTEBOOK-40449,pip,2103,1272,19,24,499,3,cve,M,0.0
SNYK-RUBY-RUBYOPENID-536103,RubyGems,3658,8359,3,3,60,2,cve,M,0.0
SNYK-JS-HANDLEBARS-534988,npm,1393,330,9,16,185,1,noncve,H,0.0
SNYK-JAVA-ORGAPACHEQPID-30714,Maven,3006,5217,43,105,8130,2,cve,H,0.0
SNYK-PHP-ONELOGINPHPSAML-70118,Composer,3351,8130,33,22,1465,9,cve,L,0.0
SNYK-GOLANG-GITHUBCOMGOOGLEFSCRYPTSECURITY-50084,Go,2168,8828,13,6,413,3,cve,M,0.0
SNYK-PYTHON-TWISTED-40039,pip,1208,1505,5,12,45,1,cve,L,0.0
npm:bl:20160119,npm,3034,90,4,2,21,2,noncve,M,0.0
npm:selenium-download:20161102,npm,2955,679,2,2,8,2,cve,H,0.0
npm:oauth2orize-fprm:20180501,npm,2266,570,3,2,11,2,cve,M,0.0
SNYK-RUBY-CARRIERWAVE-1070797,RubyGems,93,5466,3,13,304,1,cve,M,0.0
npm:resolve-path:20180222,npm,2480,652,20,2,20,1,cve,H,0.0
SNYK-JS-MITHRIL-460113,npm,1644,496,13,19,1417,1,noncve,H,0.0
SNYK-JS-IDSENTERPRISE-449634,npm,1590,361,9,6,88,2,noncve,M,0.0
SNYK-PYTHON-MATRIXSYNAPSE-480456,pip,256,1241,11,9,176,4,cve,H,0.0
SNYK-PHP-TYPO3CMSCORE-538237,Composer,594,7513,138,243,7800,53,noncve,M,0.0
SNYK-JAVA-ORGAPACHETOMCATEMBED-31432,Maven,677,4496,69,69,2357,8,cve,H,0.0
SNYK-RUBY-BOOTSTRAP-174467,RubyGems,2023,5559,3,16,408,1,cve,M,0.0
SNYK-RUBY-HAML-20339,RubyGems,2847,8249,10,7,111,2,noncve,M,0.0
SNYK-PHP-TYPO3FLUIDFLUID-1041631,Composer,262,7309,5,16,1079,2,cve,H,0.0
SNYK-JAVA-ORGAPACHETOMCATEMBED-451511,Maven,677,4518,63,68,2332,7,cve,M,0.0
SNYK-PHP-TYPO3CMSCORE-538235,Composer,594,7513,138,243,7800,53,noncve,M,0.0
npm:ec2-price:20170418,npm,2833,197,2,1,2,1,noncve,H,0.0
SNYK-JAVA-ORGAPACHEDRUID-1066177,Maven,3908,5425,8,7,526,4,cve,H,0.0
SNYK-PYTHON-PARAMIKO-42086,pip,1710,1308,19,6,237,2,cve,H,0.0
SNYK-PHP-STUDIO42ELFINDER-73505,Composer,2057,7903,16,34,40732,1,cve,H,0.0
SNYK-PHP-PEARARCHIVETAR-73509,Composer,148,7277,14,4,178,3,cve,M,0.0
SNYK-JAVA-IOMICRONAUT-561342,Maven,1211,4682,10,16,163,2,cve,M,0.0
SNYK-JAVA-NETBULLJAVAMELODY-30452,Maven,1539,4779,25,16,628,1,noncve,M,0.0
SNYK-JAVA-ORGWEBJARSNPM-479829,Maven,1983,4860,4,5,57,2,noncve,M,0.0
SNYK-GOLANG-GITHUBCOMCONTAINOUSTRAEFIKAPI-597114,Go,569,8684,3,2,81,2,cve,M,0.0
SNYK-JAVA-ORGSPRINGFRAMEWORKSECURITY-31509,Maven,33,4171,10,7,293,4,cve,H,0.0
SNYK-PHP-DRUPALCORE-572905,Composer,271,7342,4,11,91,1,cve,M,-0.0
npm:truncate:20180225,npm,2485,797,11,2,33,3,noncve,H,0.0
SNYK-RUBY-HAML-20340,RubyGems,2847,8250,5,7,100,3,noncve,M,0.0
SNYK-JAVA-ORGCODEHAUSPLEXUS-461102,Maven,1616,4801,7,8,244,1,noncve,L,0.0
SNYK-JS-ELECTRON-174045,npm,124,232,6,3,23,3,cve,H,0.0
SNYK-PYTHON-DJANGOANYMAIL-42050,pip,2712,1128,2,2,17,1,cve,H,0.0
SNYK-PHP-FACADEIGNITION-1059267,Composer,168,7279,3,2,78,3,cve,H,0.0
SNYK-PYTHON-HTTPLIB2-569758,pip,820,1185,3,5,44,1,cve,M,0.0
SNYK-PYTHON-DATASETTEINDIEAUTH-1045330,pip,281,1061,3,5,339,1,noncve,H,0.0
SNYK-PYTHON-OAUTHENTICATOR-1047775,pip,295,1286,5,11,118,3,cve,M,0.0
SNYK-JS-DOT-174124,npm,1971,190,10,6,123,2,cve,M,0.0
SNYK-GOLANG-K8SIOKUBERNETESSTAGINGSRCK8SIOAPIMACHINERYPKGUTILPROXY-1081511,Go,2091,8821,98,146,6198,47,cve,H,0.0
SNYK-RUBY-SENSU-22026,RubyGems,2370,5573,3,3,39,2,cve,H,0.0
SNYK-JAVA-ORGAPACHETOMCATEMBED-451504,Maven,677,4509,190,270,24175,6,cve,M,0.0
SNYK-PHP-TYPO3FLUIDFLUID-1041631,Composer,262,7311,4,15,1048,1,cve,H,0.0
npm:keystone:20170918,npm,1798,416,12,8,1990,4,cve,M,-0.0
npm:ws:20160624,npm,2601,842,2,1,2,1,cve,H,0.0
SNYK-RUBY-RACK-538324,RubyGems,1342,5514,18,9,424,2,cve,M,0.0
npm:static-eval:20171016,npm,2012,741,3,2,55,2,cve,H,0.0
SNYK-PHP-TYPO3CMS-73594,Composer,272,7409,80,163,2500,31,noncve,H,0.0
SNYK-PYTHON-CRYPTOGRAPHY-1070544,pip,90,1054,1,4,12,1,cve,M,-0.0
npm:ws:20171108,npm,2601,844,2,2,38,1,noncve,H,0.0
SNYK-RUBY-PUMA-536835,RubyGems,839,5484,3,2,25,1,cve,H,0.0
SNYK-PYTHON-DATASETTEGRAPHQL-1045329,pip,282,1060,5,5,253,1,noncve,L,0.0
SNYK-PHP-SYLIUSSYLIUS-536839,Composer,688,7591,7,3,16,2,cve,M,0.0
SNYK-PHP-CRAFTCMSCMS-455502,Composer,1711,7817,27,19,269,3,cve,H,0.0
npm:method-override:20170927,npm,2647,488,6,1,16,1,cve,H,0.0
SNYK-PHP-LARAVELFRAMEWORK-1069892,Composer,551,7486,10,4,101,4,noncve,M,0.0
SNYK-PHP-KREAITFIREBASEPHP-72122,Composer,2359,7943,5,7,287,1,cve,H,0.0
SNYK-JAVA-ORGSPRINGFRAMEWORK-30169,Maven,2690,5121,30,92,3252,4,cve,M,0.0
SNYK-PHP-FRANCOISJACQUETROSARIOSIS-584428,Composer,607,7573,12,141,868,1,cve,H,0.0
SNYK-PYTHON-WERKZEUG-42069,pip,257,1531,18,11,72,6,cve,M,0.0
SNYK-JS-URIJS-1055003,npm,29,810,2,9,80,2,cve,M,0.0
SNYK-JS-TYPEGRAPHQL-538910,npm,1326,799,2,2,5,1,noncve,L,0.0
SNYK-RUBY-PUMA-570205,RubyGems,839,5489,2,2,14,1,cve,M,0.0
SNYK-PHP-SILVERSTRIPEASSETS-469150,Composer,1176,7632,7,14,994,4,cve,M,0.0
SNYK-JS-IDSENTERPRISE-174903,npm,1590,361,9,6,88,2,noncve,M,0.0
SNYK-GOLANG-GITHUBCOMKUBERNETESKUBERNETESSTAGINGSRCK8SIOAPIMACHINERYPKGUTILPROXY-72666,Go,2095,8825,55,118,5033,31,cve,H,0.0
SNYK-JS-APOLLOGATEWAY-174915,npm,1852,4,2,2,61,1,noncve,H,0.0
SNYK-PYTHON-IPYTHON-40329,pip,3017,1197,50,53,660,11,cve,M,0.0
SNYK-PYTHON-DATASETTE-598229,pip,555,1059,35,15,198,5,noncve,M,0.0
SNYK-JAVA-ORGSPRINGFRAMEWORKSECURITY-569093,Maven,847,4628,25,19,666,8,cve,H,0.0
SNYK-PHP-PIMCOREPIMCORE-1070132,Composer,65,7203,29,43,227,15,cve,H,0.0
SNYK-PHP-VEROTCLASSUPLOADPHP-538245,Composer,1343,7681,1,1,2,1,cve,H,0.0
SNYK-DOTNET-MICROSOFTCHAKRACOREVC140-174488,NuGet,1950,8481,20,39,912,12,cve,H,0.0
SNYK-PYTHON-PYPICLOUD-40651,pip,2639,1376,8,31,788,1,noncve,M,0.0
SNYK-JAVA-ORGAPACHECASSANDRA-609350,Maven,138,4235,9,5,142,6,cve,H,0.0
SNYK-PYTHON-LOOKATME-1023167,pip,382,1224,4,8,224,1,cve,H,0.0
SNYK-JS-CONNIELANG-598853,npm,529,131,2,4,476,1,cve,H,0.0
SNYK-JS-CKEDITORCKEDITOR5LINK-72892,npm,1628,7,11,0,0,1,cve,M,0.0
SNYK-PHP-DRUPALCORE-572905,Composer,271,7341,4,11,91,1,cve,M,-0.0
SNYK-PHP-TYPO3CMSCORE-538231,Composer,594,7514,9,69,1232,3,noncve,M,0.0
SNYK-JS-PUPA-174563,npm,1924,618,5,4,149,3,noncve,M,0.0
SNYK-JAVA-ORGINFINISPAN-32418,Maven,2262,5006,56,468,16240,13,cve,M,0.0
SNYK-RUBY-FAYEWEBSOCKET-597162,RubyGems,627,5482,10,7,168,1,cve,H,0.0
npm:electron:20161210,npm,124,204,16,12,425,4,noncve,M,0.0
SNYK-JS-JSTOXML-1017039,npm,381,411,4,2,222,1,noncve,H,0.0
npm:is-my-json-valid:20180214,npm,623,374,3,3,73,2,noncve,L,0.0
SNYK-JS-JSRSASIGN-561755,npm,1197,409,1,10,57,1,noncve,M,0.0
SNYK-PHP-PRESTASHOPPRODUCTCOMMENTS-1040720,Composer,261,7297,21,10,514,7,cve,M,0.0
SNYK-RUBY-PUMA-559100,RubyGems,839,5487,5,6,130,1,cve,M,0.0
SNYK-JS-RXDB-1050985,npm,310,658,46,145,2779,5,cve,H,0.0
SNYK-PHP-SENSIOLABSCONNECT-72207,Composer,2282,7938,1,3,19,1,noncve,H,0.0
SNYK-PHP-TYPO3FLUIDFLUID-1016907,Composer,262,7304,1,4,13,1,cve,M,0.0
SNYK-RUBY-YARD-20430,RubyGems,1699,5548,5,5,126,3,noncve,L,0.0
SNYK-PYTHON-IPYTHON-40330,pip,3017,1197,50,53,660,11,cve,M,0.0
SNYK-GOLANG-GITHUBCOMGRAFANAGRAFANAPKGAPIAVATAR-571488,Go,814,8760,2,1,16,1,cve,M,-0.0
SNYK-GOLANG-GITHUBCOMHASHICORPCONSULAGENTCONSUL-1021891,Go,254,8649,86,560,219991,33,cve,M,0.0
SNYK-RUBY-SPREEFRONTEND-20477,RubyGems,2545,8209,1,17,124,1,noncve,M,0.0
SNYK-JS-CHARTKICK-480562,npm,1507,111,14,3,151,1,cve,H,0.0
npm:loopback-connector-mssql:20150108,npm,2863,460,3,2,195,2,noncve,M,0.0
SNYK-PHP-GRUMPYDICTATORFIREFLYIII-451645,Composer,358,7427,1,2,18,1,cve,M,0.0
SNYK-RUBY-CARRIERWAVE-1070798,RubyGems,93,5465,22,13,320,7,cve,M,-0.0
SNYK-PYTHON-DJANGO-40359,pip,510,1089,57,40,725,29,cve,M,0.0
npm:cloudcmd:20180426,npm,2348,121,8,8,790,1,noncve,H,0.0
SNYK-PHP-CARTALYSTSENTRY-70011,Composer,3354,8132,1,3,42,1,noncve,H,0.0
SNYK-PHP-TYPO3FLUIDFLUID-1041631,Composer,262,7306,5,16,1089,2,cve,H,0.0
SNYK-JAVA-ORGCLOUDFOUNDRYIDENTITY-474640,Maven,2970,5207,8,18,222,3,cve,H,0.0
npm:htmllint:20180213,npm,2512,350,4,10,153,1,noncve,H,0.0
npm:stringstream:20180511,npm,2313,747,2,1,2,1,cve,M,0.0
npm:serve:20180123,npm,2400,701,2,2,28,1,cve,M,0.0
SNYK-JS-SETVALUE-450213,npm,1788,711,5,2,24,2,cve,H,-0.0
SNYK-JS-SVELTE-564437,npm,1180,748,10,2,17,3,cve,M,0.0
SNYK-PHP-DRUPALCORE-572906,Composer,271,7342,4,11,91,1,cve,M,-0.0
SNYK-JAVA-ORGAPACHECASSANDRA-609350,Maven,138,4237,29,68,3793,15,cve,H,0.0
SNYK-PYTHON-PARAMIKO-42086,pip,1710,1304,22,6,127,2,cve,H,0.0
npm:windows-build-tools:21122016,npm,2880,840,8,6,100,2,cve,H,0.0
SNYK-PYTHON-PILLOW-574577,pip,160,1324,269,227,36308,17,cve,M,0.0
npm:keystone:20170918-2,npm,1798,416,12,8,1990,4,cve,H,-0.0
SNYK-JAVA-ORGSPRINGFRAMEWORKINTEGRATION-73518,Maven,2066,4901,15,44,1483,4,cve,H,0.0
SNYK-JS-DYNAMOOSE-1070792,npm,95,196,9,6,149,2,cve,M,0.0
SNYK-PYTHON-HTTPLIB2-570767,pip,820,1185,3,5,44,1,noncve,H,0.0
SNYK-PHP-TYPO3CMSCORE-538237,Composer,594,7514,9,69,1232,3,noncve,M,0.0
SNYK-GOLANG-GITHUBCOMHASHICORPVAULTPLUGINSECRETSGCPPLUGIN-570192,Go,835,8764,3,20,2488,3,cve,M,0.0
SNYK-JS-SERVEHANDLER-450208,npm,1967,703,2,2,18,2,noncve,H,0.0
SNYK-JAVA-IOUNDERTOW-568918,Maven,85,4213,14,21,676,6,cve,H,0.0
npm:crumb:20150213,npm,2755,148,3,2,50,2,noncve,M,0.0
SNYK-PYTHON-ANSIBLE-174932,pip,83,967,126,157,3116,55,cve,M,0.0
SNYK-PHP-TYPO3FLUIDFLUID-1016907,Composer,262,7300,2,4,10,1,cve,M,0.0
SNYK-PYTHON-WAGTAIL-565486,pip,1174,1516,5,5,200,1,cve,H,0.0
SNYK-PHP-TYPO3FLUIDFLUID-1041631,Composer,262,7310,4,16,1079,1,cve,H,0.0
SNYK-PHP-TYPO3CMS-538230,Composer,272,7366,9,69,1232,3,noncve,M,0.0
SNYK-JAVA-IONETTY-1082234,Maven,3921,5428,39,86,2979,9,cve,M,0.0
SNYK-JS-ANGULAREXPRESSIONS-543284,npm,1301,63,3,3,6904,1,cve,H,-0.0
SNYK-JS-PROPERTIESREADER-1048968,npm,3888,611,6,11,731,1,cve,H,0.0
npm:path-complete-extname:20180307,npm,3518,583,9,2,427,1,noncve,M,0.0
SNYK-JAVA-ORGSPRINGFRAMEWORKSECURITY-474642,Maven,2391,5046,10,20,892,5,cve,M,0.0
SNYK-JAVA-ORGAPACHETOMCATEMBED-451504,Maven,677,4508,85,207,20511,5,cve,M,0.0
SNYK-JS-KILLPORTPROCESS-543829,npm,1278,432,5,2,71,1,cve,M,0.0
SNYK-PHP-FRANCOISJACQUETROSARIOSIS-598259,Composer,607,7575,2,4,20,1,cve,H,0.0
SNYK-PHP-DRUPALCORE-572905,Composer,271,7340,4,11,91,1,cve,M,0.0
SNYK-PHP-KITODOPRESENTATION-597163,Composer,629,7579,16,6,18,3,cve,M,-0.0
SNYK-JAVA-ORGAPACHETOMCAT-32115,Maven,157,4276,40,44,1380,7,cve,M,0.0
SNYK-GOLANG-GITHUBCOMCREWJAMSAMLSAMLSP-1052759,Go,192,8618,2,8,218,2,cve,H,0.0
SNYK-RUBY-PSYCH-20343,RubyGems,2848,8252,5,8,56,2,cve,M,0.0
npm:diff:20180305,npm,2415,161,17,7,147,7,noncve,H,0.0
SNYK-PHP-PHENXPHPFONTLIB-474111,Composer,1397,7755,3,3,10,2,cve,M,0.0
SNYK-PHP-TYPO3PHARSTREAMWRAPPER-174616,Composer,1906,7838,8,23,784,2,cve,H,0.0
SNYK-JAVA-ORGAPEREOCAS-1019359,Maven,392,4372,5,4,88,2,cve,H,-0.0
SNYK-PYTHON-PDOC3-608847,pip,646,1312,5,4,271,3,noncve,H,0.0
SNYK-PYTHON-DJANGOTWOFACTORAUTH-575703,pip,716,1150,22,7,393,4,cve,M,0.0
SNYK-JAVA-ORGSPRINGFRAMEWORKINTEGRATION-73518,Maven,2066,4900,8,19,688,3,cve,H,0.0
SNYK-PHP-GRUMPYDICTATORFIREFLYIII-451646,Composer,358,7428,4,3,32,1,cve,M,0.0
SNYK-PYTHON-COLLECTIVENOTICEBOARD-42133,pip,3534,1044,5,3,49,2,noncve,M,0.0
SNYK-JS-CONFINIT-564433,npm,1188,127,3,8,226,1,cve,M,0.0
SNYK-RUBY-BUNDLER-1078261,RubyGems,41,5462,10,31,1006,3,noncve,H,0.0
SNYK-GOLANG-GITHUBCOMGRAFANAGRAFANAPKGAPIAVATAR-571488,Go,814,8759,2,1,16,1,cve,M,-0.0
SNYK-RUBY-GEMIRRO-20445,RubyGems,2606,8223,2,4,32,1,cve,M,0.0
npm:fs-git:20170601,npm,3488,296,3,3,213,1,cve,H,0.0
SNYK-JAVA-ORGBITBUCKETBC-30206,Maven,2849,5145,8,11,386,1,noncve,H,0.0
SNYK-JS-TYPEORM-174123,npm,1972,800,8,18,431,4,noncve,H,0.0
npm:actionhero:20161027,npm,3419,42,9,7,59,2,noncve,M,0.0
SNYK-PYTHON-DJANGO-40383,pip,510,1090,32,64,538,16,cve,L,0.0
SNYK-PYTHON-MLALCHEMY-40700,pip,2585,1253,3,3,26,1,cve,H,0.0
SNYK-PHP-PHPOFFICEPHPSPREADSHEET-72604,Composer,222,7284,19,43,755,12,cve,H,0.0
npm:jquery.csssr.validation:20180215,npm,2511,394,1,3,42,1,noncve,H,0.0
SNYK-PHP-SYMFONYSYMFONY-70376,Composer,1391,7728,14,22,763,5,cve,M,0.0
npm:serialize-to-js:20170208,npm,1351,699,2,6,117,1,cve,H,0.0
SNYK-PHP-TYPO3FLUIDFLUID-1016907,Composer,262,7301,2,20,134,2,cve,M,-0.0
SNYK-GOLANG-GITHUBCOMHASHICORPNOMADDRIVERSDOCKER-1039759,Go,364,8661,7,6,54,3,cve,M,-0.0
SNYK-PYTHON-DJANGO-40359,pip,510,1088,21,8,148,7,cve,M,0.0
npm:html-dom-parser:20180220,npm,2501,347,3,3,95,1,noncve,L,0.0
SNYK-PYTHON-PARAMIKO-42086,pip,1710,1305,25,6,230,2,cve,H,0.0
SNYK-PHP-TYPO3FLUIDFLUID-1016907,Composer,262,7302,1,4,11,1,cve,M,0.0
SNYK-JS-FLATTENIZER-1054934,npm,701,289,2,2,33,2,cve,H,0.0
SNYK-JS-SSBDB-572109,npm,782,736,9,5,234,2,cve,H,0.0
SNYK-JAVA-ORGAPACHESTRUTS-460223,Maven,219,4317,27,21,300,2,cve,M,0.0
SNYK-JS-DOTTY-1069933,npm,3919,191,6,9,1205,3,cve,H,0.0
SNYK-JAVA-ORGAPEREOCAS-1019359,Maven,392,4373,18,35,655,6,cve,H,0.0
npm:mathjs:20170527,npm,680,479,5,10,249,3,noncve,M,0.0
SNYK-PYTHON-MISTUNE-40698,pip,2699,1250,9,4,16,3,cve,M,0.0
SNYK-JS-MERMAID-174698,npm,1887,486,11,9,702,2,noncve,M,0.0
SNYK-JAVA-ORGAPACHETOMCAT-551994,Maven,1253,4721,112,110,3174,12,cve,H,0.0
SNYK-PYTHON-BORGBACKUP-40764,pip,2704,1018,48,11,621,7,cve,H,0.0
SNYK-JAVA-IONETTY-1082239,Maven,3925,5432,39,86,2979,9,cve,M,0.0
SNYK-GOLANG-GITHUBCOMMHOLTARCHIVERCMDARC-174728,Go,1904,8814,3,5,128,2,cve,M,0.0
SNYK-RUBY-GEMINABOX-20436,RubyGems,2604,8220,4,4,10,1,cve,M,0.0
SNYK-GOLANG-GITHUBCOMUNKNWONCAETZ-570384,Go,811,8758,13,9,89,2,cve,H,0.0
SNYK-JS-THENIFY-571690,npm,794,765,2,2,87,1,cve,H,0.0
SNYK-DOTNET-MICROSOFTCHAKRACOREVC140-174391,NuGet,1950,8473,11,13,199,7,cve,H,0.0
SNYK-JS-BOOTSTRAP-173700,npm,2029,98,6,33,995,3,cve,M,0.0
SNYK-PYTHON-DJANGO-1076802,pip,510,1065,5,6,68,3,cve,M,0.0
SNYK-PYTHON-FLASKAPPBUILDER-567790,pip,3734,1170,57,42,578,20,noncve,M,0.0
SNYK-PHP-CAKEPHPCAKEPHP-70006,Composer,1930,7847,38,31,587,9,noncve,M,0.0
SNYK-JS-ELECTRON-1049321,npm,124,223,12,14,397,5,cve,H,0.0
SNYK-JS-BPMNJSPROPERTIESPANEL-451639,npm,1739,100,16,31,729,5,noncve,M,0.0
SNYK-JS-SYSTEMINFORMATION-1073627,npm,285,757,2,2,28,1,noncve,M,0.0
SNYK-PHP-OCTOBEROCTOBER-1044034,Composer,249,7287,5,6,72,2,cve,M,0.0
SNYK-JS-SNYKBROKER-570611,npm,812,732,1,0,0,1,cve,M,0.0
SNYK-JS-SANITIZEHTML-1070786,npm,96,673,4,2,82,2,cve,M,0.0
SNYK-PHP-DRUPALCORE-572904,Composer,271,7340,4,11,91,1,cve,H,0.0
SNYK-PHP-AMPHPARTAX-70002,Composer,2990,8029,1,1,6,1,cve,H,0.0
SNYK-PHP-ROBRICHARDSXMLSECLIBS-480443,Composer,1414,7758,4,4,34,1,cve,H,0.0
npm:hapi:20151223,npm,3074,334,1,1,13,1,cve,H,-0.0
SNYK-JAVA-ORGSPRINGFRAMEWORKSECURITY-474642,Maven,2391,5047,34,75,1359,13,cve,M,0.0
SNYK-JS-MARKED-1070800,npm,588,474,4,8,708,3,cve,H,0.0
SNYK-JAVA-IOUNDERTOW-174583,Maven,85,4202,4,3,35,1,cve,M,0.0
SNYK-GOLANG-GITHUBCOMHASHICORPNOMADDRIVERSDOCKER-1039759,Go,364,8662,7,6,54,3,cve,M,-0.0
SNYK-JS-NODEGITSERVER-474343,npm,1459,536,3,1,2,3,noncve,H,0.0
SNYK-PHP-PRESTASHOPPSLINKLIST-565925,Composer,1159,7631,10,2,110,5,cve,M,0.0
